"Longitude (x)","Latitude (y)","Station Name","Climate ID","Date/Time (LST)","Year","Month","Day","Time (LST)","Temp (°C)","Temp Flag","Dew Point Temp (°C)","Dew Point Temp Flag","Rel Hum (%)","Rel Hum Flag","Precip. Amount (mm)","Precip. Amount Flag","Wind Dir (10s deg)","Wind Dir Flag","Wind Spd (km/h)","Wind Spd Flag","Visibility (km)","Visibility Flag","Stn Press (kPa)","Stn Press Flag","Hmdx","Hmdx Flag","Wind Chill","Wind Chill Flag","Weather"
"-110.32","51.07","ACADIA VALLEY","3020035","2024-12-01 00:00","2024","12","01","00:00","-15.6","","-17.8","","83","","0.0","","34","","27","","","","","","","","-26","","NA"
"-110.32","51.07","ACADIA VALLEY","3020035","2024-12-01 01:00","2024","12","01","01:00","-15.8","","-18.5","","80","","0.0","","33","","27","","","","","","","","-27","","NA"
"-110.32","51.07","ACADIA VALLEY","3020035","2024-12-01 02:00","2024","12","01","02:00","-16.8","","-19.9","","77","","0.0","","33","","33","","","","","","","","-29","","NA"
"-110.32","51.07","ACADIA VALLEY","3020035","2024-12-01 03:00","2024","12","01","03:00","-17.2","","-20.0","","79","","0.0","","32","","24","","","","","","","","-28","","NA"
"-110.32","51.07","ACADIA VALLEY","3020035","2024-12-01 04:00","2024","12","01","04:00","-17.9","","-20.8","","78","","0.0","","33","","31","","","","","","","","-30","","NA"
"-110.32","51.07","ACADIA VALLEY","3020035","2024-12-01 05:00","2024","12","01","05:00","-18.2","","-21.0","","79","","0.0","","33","","26","","","","","","","","-29","","NA"
"-110.32","51.07","ACADIA VALLEY","3020035","2024-12-01 06:00","2024","12","01","06:00","-19.5","","-22.3","","78","","0.0","","34","","25","","","","","","","","-31","","NA"
"-110.32","51.07","ACADIA VALLEY","3020035","2024-12-01 07:00","2024","12","01","07:00","-19.1","","-21.6","","80","","0.0","","32","","21","","","","","","","","-30","","NA"
"-110.32","51.07","ACADIA VALLEY","3020035","2024-12-01 08:00","2024","12","01","08:00","-18.6","","-21.2","","80","","0.0","","34","","25","","","","","","","","-30","","NA"
"-110.32","51.07","ACADIA VALLEY","3020035","2024-12-01 09:00","2024","12","01","09:00","-19.9","","-22.9","","77","","0.0","","30","","11","","","","","","","","-28","","NA"
"-110.32","51.07","ACADIA VALLEY","3020035","2024-12-01 10:00","2024","12","01","10:00","-19.7","","-23.1","","74","","0.0","","31","","6","","","","","","","","-25","","NA"
"-110.32","51.07","ACADIA VALLEY","3020035","2024-12-01 11:00","2024","12","01","11:00","-19.6","","-23.0","","75","","0.0","","31","","14","","","","","","","","-28","","NA"
"-110.32","51.07","ACADIA VALLEY","3020035","2024-12-01 12:00","2024","12","01","12:00","-19.8","","-22.9","","76","","0.0","","30","","10","","","","","","","","-27","","NA"
"-110.32","51.07","ACADIA VALLEY","3020035","2024-12-01 13:00","2024","12","01","13:00","-19.2","","-22.1","","78","","0.0","","32","","6","","","","","","","","-24","","NA"
"-110.32","51.07","ACADIA VALLEY","3020035","2024-12-01 14:00","2024","12","01","14:00","-17.7","","-21.7","","71","","0.0","","35","","4","","","","","","","","-21","","NA"
"-110.32","51.07","ACADIA VALLEY","3020035","2024-12-01 15:00","2024","12","01","15:00","-20.0","","-23.1","","76","","0.0","","4","","5","","","","","","","","-24","","NA"
"-110.32","51.07","ACADIA VALLEY","3020035","2024-12-01 16:00","2024","12","01","16:00","-19.6","","-22.3","","79","","0.0","","","","0","","","","","","","","","","NA"
"-110.32","51.07","ACADIA VALLEY","3020035","2024-12-01 17:00","2024","12","01","17:00","-19.5","","-21.8","","82","","0.0","","8","","6","","","","","","","","-24","","NA"
"-110.32","51.07","ACADIA VALLEY","3020035","2024-12-01 18:00","2024","12","01","18:00","-19.2","","-21.6","","82","","0.0","","12","","9","","","","","","","","-26","","NA"
"-110.32","51.07","ACADIA VALLEY","3020035","2024-12-01 19:00","2024","12","01","19:00","-20.0","","-22.1","","83","","0.0","","12","","7","","","","","","","","-26","","NA"
"-110.32","51.07","ACADIA VALLEY","3020035","2024-12-01 20:00","2024","12","01","20:00","-20.9","","-22.9","","84","","0.0","","10","","5","","","","","","","","-25","","NA"
"-110.32","51.07","ACADIA VALLEY","3020035","2024-12-01 21:00","2024","12","01","21:00","-21.7","","-23.8","","83","","0.0","","13","","5","","","","","","","","-26","","NA"
"-110.32","51.07","ACADIA VALLEY","3020035","2024-12-01 22:00","2024","12","01","22:00","-21.1","","-23.2","","83","","0.0","","10","","7","","","","","","","","-27","","NA"
"-110.32","51.07","ACADIA VALLEY","3020035","2024-12-01 23:00","2024","12","01","23:00","-20.3","","-22.3","","84","","0.0","","10","","10","","","","","","","","-28","","NA"
"-110.32","51.07","ACADIA VALLEY","3020035","2024-12-02 00:00","2024","12","02","00:00","-19.7","","-21.7","","84","","0.0","","11","","7","","","","","","","","-25","","NA"
"-110.32","51.07","ACADIA VALLEY","3020035","2024-12-02 01:00","2024","12","02","01:00","-19.4","","-21.5","","84","","0.0","","7","","9","","","","","","","","-26","","NA"
"-110.32","51.07","ACADIA VALLEY","3020035","2024-12-02 02:00","2024","12","02","02:00","-18.5","","-20.7","","83","","0.0","","8","","11","","","","","","","","-26","","NA"
"-110.32","51.07","ACADIA VALLEY","3020035","2024-12-02 03:00","2024","12","02","03:00","-18.3","","-20.4","","84","","0.0","","3","","7","","","","","","","","-24","","NA"
"-110.32","51.07","ACADIA VALLEY","3020035","2024-12-02 04:00","2024","12","02","04:00","-17.8","","-19.8","","84","","0.0","","8","","7","","","","","","","","-23","","NA"
"-110.32","51.07","ACADIA VALLEY","3020035","2024-12-02 05:00","2024","12","02","05:00","-18.5","","-20.4","","85","","0.0","","6","","5","","","","","","","","-23","","NA"
"-110.32","51.07","ACADIA VALLEY","3020035","2024-12-02 06:00","2024","12","02","06:00","-19.0","","-20.8","","86","","0.0","","","","0","","","","","","","","","","NA"
"-110.32","51.07","ACADIA VALLEY","3020035","2024-12-02 07:00","2024","12","02","07:00","-19.8","","-21.5","","86","","0.0","","","","0","","","","","","","","","","NA"
"-110.32","51.07","ACADIA VALLEY","3020035","2024-12-02 08:00","2024","12","02","08:00","-19.5","","-21.3","","86","","0.0","","","","0","","","","","","","","","","NA"
"-110.32","51.07","ACADIA VALLEY","3020035","2024-12-02 09:00","2024","12","02","09:00","-18.4","","-20.4","","85","","0.0","","","","0","","","","","","","","","","NA"
"-110.32","51.07","ACADIA VALLEY","3020035","2024-12-02 10:00","2024","12","02","10:00","-16.5","","-18.8","","83","","0.0","","18","","5","","","","","","","","-20","","NA"
"-110.32","51.07","ACADIA VALLEY","3020035","2024-12-02 11:00","2024","12","02","11:00","-15.9","","-18.6","","80","","0.0","","19","","7","","","","","","","","-21","","NA"
"-110.32","51.07","ACADIA VALLEY","3020035","2024-12-02 12:00","2024","12","02","12:00","-15.4","","-18.1","","80","","0.0","","19","","10","","","","","","","","-22","","NA"
"-110.32","51.07","ACADIA VALLEY","3020035","2024-12-02 13:00","2024","12","02","13:00","-14.9","","-17.7","","79","","0.0","","20","","9","","","","","","","","-21","","NA"
"-110.32","51.07","ACADIA VALLEY","3020035","2024-12-02 14:00","2024","12","02","14:00","-14.1","","-17.3","","77","","0.0","","20","","10","","","","","","","","-20","","NA"
"-110.32","51.07","ACADIA VALLEY","3020035","2024-12-02 15:00","2024","12","02","15:00","-13.5","","-16.3","","80","","0.0","","19","","13","","","","","","","","-20","","NA"
"-110.32","51.07","ACADIA VALLEY","3020035","2024-12-02 16:00","2024","12","02","16:00","-14.7","","-17.2","","81","","0.0","","18","","13","","","","","","","","-22","","NA"
"-110.32","51.07","ACADIA VALLEY","3020035","2024-12-02 17:00","2024","12","02","17:00","-15.0","","-17.1","","84","","0.0","","19","","7","","","","","","","","-20","","NA"
"-110.32","51.07","ACADIA VALLEY","3020035","2024-12-02 18:00","2024","12","02","18:00","-13.9","","-16.2","","83","","0.0","","21","","16","","","","","","","","-22","","NA"
"-110.32","51.07","ACADIA VALLEY","3020035","2024-12-02 19:00","2024","12","02","19:00","-13.3","","-15.8","","81","","0.0","","20","","9","","","","","","","","-19","","NA"
"-110.32","51.07","ACADIA VALLEY","3020035","2024-12-02 20:00","2024","12","02","20:00","-11.8","","-14.7","","79","","0.0","","22","","11","","","","","","","","-18","","NA"
"-110.32","51.07","ACADIA VALLEY","3020035","2024-12-02 21:00","2024","12","02","21:00","-14.0","","-16.4","","82","","0.0","","","","0","","","","","","","","","","NA"
"-110.32","51.07","ACADIA VALLEY","3020035","2024-12-02 22:00","2024","12","02","22:00","-14.3","","-16.3","","85","","0.0","","","","0","","","","","","","","","","NA"
"-110.32","51.07","ACADIA VALLEY","3020035","2024-12-02 23:00","2024","12","02","23:00","-12.8","","-15.2","","82","","0.0","","22","","3","","","","","","","","-15","","NA"
"-110.32","51.07","ACADIA VALLEY","3020035","2024-12-03 00:00","2024","12","03","00:00","-13.8","","-16.2","","82","","0.0","","25","","9","","","","","","","","-19","","NA"
"-110.32","51.07","ACADIA VALLEY","3020035","2024-12-03 01:00","2024","12","03","01:00","-10.2","","-12.5","","83","","0.0","","23","","6","","","","","","","","-14","","NA"
"-110.32","51.07","ACADIA VALLEY","3020035","2024-12-03 02:00","2024","12","03","02:00","-9.3","","-11.9","","81","","0.0","","17","","5","","","","","","","","-12","","NA"
"-110.32","51.07","ACADIA VALLEY","3020035","2024-12-03 03:00","2024","12","03","03:00","-5.2","","-9.3","","73","","0.0","","26","","8","","","","","","","","-9","","NA"
"-110.32","51.07","ACADIA VALLEY","3020035","2024-12-03 04:00","2024","12","03","04:00","-3.2","","-8.7","","66","","0.0","","25","","5","","","","","","","","-5","","NA"
"-110.32","51.07","ACADIA VALLEY","3020035","2024-12-03 05:00","2024","12","03","05:00","-3.5","","-8.1","","71","","0.0","","32","","12","","","","","","","","-8","","NA"
"-110.32","51.07","ACADIA VALLEY","3020035","2024-12-03 06:00","2024","12","03","06:00","-3.6","","-8.6","","68","","0.0","","5","","5","","","","","","","","-6","","NA"
"-110.32","51.07","ACADIA VALLEY","3020035","2024-12-03 07:00","2024","12","03","07:00","-2.3","","-7.4","","68","","0.0","","31","","9","","","","","","","","-6","","NA"
"-110.32","51.07","ACADIA VALLEY","3020035","2024-12-03 08:00","2024","12","03","08:00","0.2","","-4.8","","69","","0.0","","29","","26","","","","","","","","","","NA"
"-110.32","51.07","ACADIA VALLEY","3020035","2024-12-03 09:00","2024","12","03","09:00","0.7","","-4.0","","71","","0.0","","28","","25","","","","","","","","","","NA"
"-110.32","51.07","ACADIA VALLEY","3020035","2024-12-03 10:00","2024","12","03","10:00","1.7","","-3.7","","67","","0.0","","28","","22","","","","","","","","","","NA"
"-110.32","51.07","ACADIA VALLEY","3020035","2024-12-03 11:00","2024","12","03","11:00","3.2","","-1.7","","70","","0.0","","29","","19","","","","","","","","","","NA"
"-110.32","51.07","ACADIA VALLEY","3020035","2024-12-03 12:00","2024","12","03","12:00","3.6","","-0.4","","75","","0.0","","30","","27","","","","","","","","","","NA"
"-110.32","51.07","ACADIA VALLEY","3020035","2024-12-03 13:00","2024","12","03","13:00","4.1","","-0.3","","73","","0.0","","29","","21","","","","","","","","","","NA"
"-110.32","51.07","ACADIA VALLEY","3020035","2024-12-03 14:00","2024","12","03","14:00","2.9","","-0.8","","77","","0.0","","27","","22","","","","","","","","","","NA"
"-110.32","51.07","ACADIA VALLEY","3020035","2024-12-03 15:00","2024","12","03","15:00","2.4","","-0.9","","79","","0.0","","28","","25","","","","","","","","","","NA"
"-110.32","51.07","ACADIA VALLEY","3020035","2024-12-03 16:00","2024","12","03","16:00","1.9","","-1.3","","80","","0.0","","29","","22","","","","","","","","","","NA"
"-110.32","51.07","ACADIA VALLEY","3020035","2024-12-03 17:00","2024","12","03","17:00","1.1","","-1.6","","82","","0.0","","28","","22","","","","","","","","","","NA"
"-110.32","51.07","ACADIA VALLEY","3020035","2024-12-03 18:00","2024","12","03","18:00","1.2","","-1.5","","82","","0.0","","30","","23","","","","","","","","","","NA"
"-110.32","51.07","ACADIA VALLEY","3020035","2024-12-03 19:00","2024","12","03","19:00","2.2","","-0.6","","82","","0.0","","32","","29","","","","","","","","","","NA"
"-110.32","51.07","ACADIA VALLEY","3020035","2024-12-03 20:00","2024","12","03","20:00","2.5","","-0.2","","82","","0.0","","34","","29","","","","","","","","","","NA"
"-110.32","51.07","ACADIA VALLEY","3020035","2024-12-03 21:00","2024","12","03","21:00","1.8","","0.0","","88","","0.0","","32","","16","","","","","","","","","","NA"
"-110.32","51.07","ACADIA VALLEY","3020035","2024-12-03 22:00","2024","12","03","22:00","1.1","","-0.1","","91","","0.0","","33","","17","","","","","","","","","","NA"
"-110.32","51.07","ACADIA VALLEY","3020035","2024-12-03 23:00","2024","12","03","23:00","-1.0","","-2.5","","90","","0.0","","36","","18","","","","","","","","-6","","NA"
"-110.32","51.07","ACADIA VALLEY","3020035","2024-12-04 00:00","2024","12","04","00:00","-3.2","","-4.7","","90","","0.0","","1","","21","","","","","","","","-9","","NA"
"-110.32","51.07","ACADIA VALLEY","3020035","2024-12-04 01:00","2024","12","04","01:00","-4.4","","-6.3","","86","","0.0","","36","","23","","","","","","","","-11","","NA"
"-110.32","51.07","ACADIA VALLEY","3020035","2024-12-04 02:00","2024","12","04","02:00","-5.3","","-6.7","","90","","0.0","","36","","19","","","","","","","","-12","","NA"
"-110.32","51.07","ACADIA VALLEY","3020035","2024-12-04 03:00","2024","12","04","03:00","-7.2","","-9.1","","86","","0.0","","1","","25","","","","","","","","-15","","NA"
"-110.32","51.07","ACADIA VALLEY","3020035","2024-12-04 04:00","2024","12","04","04:00","-7.9","","-9.9","","86","","0.0","","3","","22","","","","","","","","-16","","NA"
"-110.32","51.07","ACADIA VALLEY","3020035","2024-12-04 05:00","2024","12","04","05:00","-9.1","","-11.0","","87","","0.0","","2","","18","","","","","","","","-16","","NA"
"-110.32","51.07","ACADIA VALLEY","3020035","2024-12-04 06:00","2024","12","04","06:00","-9.8","","-12.1","","83","","0.0","","3","","15","","","","","","","","-16","","NA"
"-110.32","51.07","ACADIA VALLEY","3020035","2024-12-04 07:00","2024","12","04","07:00","-10.2","","-12.8","","82","","0.0","","3","","14","","","","","","","","-17","","NA"
"-110.32","51.07","ACADIA VALLEY","3020035","2024-12-04 08:00","2024","12","04","08:00","-10.5","","-12.8","","84","","0.0","","4","","13","","","","","","","","-17","","NA"
"-110.32","51.07","ACADIA VALLEY","3020035","2024-12-04 09:00","2024","12","04","09:00","-10.9","","-13.7","","80","","0.0","","7","","12","","","","","","","","-17","","NA"
"-110.32","51.07","ACADIA VALLEY","3020035","2024-12-04 10:00","2024","12","04","10:00","-10.9","","-13.5","","81","","0.0","","8","","12","","","","","","","","-17","","NA"
"-110.32","51.07","ACADIA VALLEY","3020035","2024-12-04 11:00","2024","12","04","11:00","-10.5","","-13.4","","79","","0.0","","9","","14","","","","","","","","-17","","NA"
"-110.32","51.07","ACADIA VALLEY","3020035","2024-12-04 12:00","2024","12","04","12:00","-10.8","","-13.9","","78","","0.0","","11","","9","","","","","","","","-16","","NA"
"-110.32","51.07","ACADIA VALLEY","3020035","2024-12-04 13:00","2024","12","04","13:00","-10.4","","-13.6","","78","","0.0","","11","","11","","","","","","","","-16","","NA"
"-110.32","51.07","ACADIA VALLEY","3020035","2024-12-04 14:00","2024","12","04","14:00","-10.5","","-13.6","","77","","0.0","","10","","13","","","","","","","","-17","","NA"
"-110.32","51.07","ACADIA VALLEY","3020035","2024-12-04 15:00","2024","12","04","15:00","-10.7","","-14.0","","77","","0.0","","10","","16","","","","","","","","-18","","NA"
"-110.32","51.07","ACADIA VALLEY","3020035","2024-12-04 16:00","2024","12","04","16:00","-11.2","","-13.9","","81","","0.0","","11","","17","","","","","","","","-19","","NA"
"-110.32","51.07","ACADIA VALLEY","3020035","2024-12-04 17:00","2024","12","04","17:00","-11.7","","-13.4","","87","","0.0","","11","","18","","","","","","","","-20","","NA"
"-110.32","51.07","ACADIA VALLEY","3020035","2024-12-04 18:00","2024","12","04","18:00","-11.9","","-13.4","","89","","0.0","","11","","17","","","","","","","","-20","","NA"
"-110.32","51.07","ACADIA VALLEY","3020035","2024-12-04 19:00","2024","12","04","19:00","-11.8","","-13.6","","86","","0.0","","11","","15","","","","","","","","-19","","NA"
"-110.32","51.07","ACADIA VALLEY","3020035","2024-12-04 20:00","2024","12","04","20:00","-11.4","","-13.5","","84","","0.0","","13","","13","","","","","","","","-18","","NA"
"-110.32","51.07","ACADIA VALLEY","3020035","2024-12-04 21:00","2024","12","04","21:00","-11.0","","-12.9","","85","","0.0","","13","","9","","","","","","","","-16","","NA"
"-110.32","51.07","ACADIA VALLEY","3020035","2024-12-04 22:00","2024","12","04","22:00","-10.6","","-12.5","","86","","0.0","","8","","7","","","","","","","","-15","","NA"
"-110.32","51.07","ACADIA VALLEY","3020035","2024-12-04 23:00","2024","12","04","23:00","-11.7","","-13.2","","89","","0.0","","14","","10","","","","","","","","-17","","NA"
"-110.32","51.07","ACADIA VALLEY","3020035","2024-12-05 00:00","2024","12","05","00:00","-13.1","","-14.2","","91","","0.0","","1","","4","","","","","","","","-16","","NA"
"-110.32","51.07","ACADIA VALLEY","3020035","2024-12-05 01:00","2024","12","05","01:00","-11.3","","-12.3","","93","","0.0","","22","","5","","","","","","","","-14","","NA"
"-110.32","51.07","ACADIA VALLEY","3020035","2024-12-05 02:00","2024","12","05","02:00","-10.3","","-11.7","","89","","0.0","","19","","14","","","","","","","","-17","","NA"
"-110.32","51.07","ACADIA VALLEY","3020035","2024-12-05 03:00","2024","12","05","03:00","-9.1","","-11.0","","86","","0.0","","22","","17","","","","","","","","-16","","NA"
"-110.32","51.07","ACADIA VALLEY","3020035","2024-12-05 04:00","2024","12","05","04:00","-10.0","","-11.7","","87","","0.0","","21","","7","","","","","","","","-14","","NA"
"-110.32","51.07","ACADIA VALLEY","3020035","2024-12-05 05:00","2024","12","05","05:00","-10.0","","-11.5","","89","","0.0","","16","","3","","","","","","","","-12","","NA"
"-110.32","51.07","ACADIA VALLEY","3020035","2024-12-05 06:00","2024","12","05","06:00","-9.6","","-11.4","","87","","0.0","","20","","4","","","","","","","","-12","","NA"
"-110.32","51.07","ACADIA VALLEY","3020035","2024-12-05 07:00","2024","12","05","07:00","-9.8","","-10.6","","94","","0.0","","22","","11","","","","","","","","-15","","NA"
"-110.32","51.07","ACADIA VALLEY","3020035","2024-12-05 08:00","2024","12","05","08:00","-7.5","","-8.7","","91","","0.0","","26","","11","","","","","","","","-13","","NA"
"-110.32","51.07","ACADIA VALLEY","3020035","2024-12-05 09:00","2024","12","05","09:00","-6.8","","-8.3","","89","","0.0","","24","","6","","","","","","","","-10","","NA"
"-110.32","51.07","ACADIA VALLEY","3020035","2024-12-05 10:00","2024","12","05","10:00","-5.9","","-8.2","","83","","0.0","","23","","10","","","","","","","","-10","","NA"
"-110.32","51.07","ACADIA VALLEY","3020035","2024-12-05 11:00","2024","12","05","11:00","-4.3","","-7.0","","81","","0.0","","24","","20","","","","","","","","-11","","NA"
"-110.32","51.07","ACADIA VALLEY","3020035","2024-12-05 12:00","2024","12","05","12:00","-3.3","","-6.5","","79","","0.0","","23","","10","","","","","","","","-7","","NA"
"-110.32","51.07","ACADIA VALLEY","3020035","2024-12-05 13:00","2024","12","05","13:00","-1.4","","-4.9","","77","","0.0","","26","","10","","","","","","","","-5","","NA"
"-110.32","51.07","ACADIA VALLEY","3020035","2024-12-05 14:00","2024","12","05","14:00","-1.8","","-5.3","","77","","0.0","","25","","16","","","","","","","","-7","","NA"
"-110.32","51.07","ACADIA VALLEY","3020035","2024-12-05 15:00","2024","12","05","15:00","-1.6","","-5.4","","75","","0.0","","22","","9","","","","","","","","-5","","NA"
"-110.32","51.07","ACADIA VALLEY","3020035","2024-12-05 16:00","2024","12","05","16:00","-2.5","","-5.3","","81","","0.0","","24","","10","","","","","","","","-6","","NA"
"-110.32","51.07","ACADIA VALLEY","3020035","2024-12-05 17:00","2024","12","05","17:00","-3.5","","-5.9","","83","","0.0","","29","","14","","","","","","","","-9","","NA"
"-110.32","51.07","ACADIA VALLEY","3020035","2024-12-05 18:00","2024","12","05","18:00","-5.6","","-7.4","","87","","0.0","","12","","4","","","","","","","","-7","","NA"
"-110.32","51.07","ACADIA VALLEY","3020035","2024-12-05 19:00","2024","12","05","19:00","-4.8","","-6.4","","88","","0.0","","","","0","","","","","","","","","","NA"
"-110.32","51.07","ACADIA VALLEY","3020035","2024-12-05 20:00","2024","12","05","20:00","-6.4","","-8.0","","88","","0.0","","","","0","","","","","","","","","","NA"
"-110.32","51.07","ACADIA VALLEY","3020035","2024-12-05 21:00","2024","12","05","21:00","-5.1","","-6.4","","91","","0.0","","22","","5","","","","","","","","-7","","NA"
"-110.32","51.07","ACADIA VALLEY","3020035","2024-12-05 22:00","2024","12","05","22:00","0.1","","-2.3","","84","","0.0","","25","","19","","","","","","","","","","NA"
"-110.32","51.07","ACADIA VALLEY","3020035","2024-12-05 23:00","2024","12","05","23:00","-4.6","","-6.6","","86","","0.0","","5","","7","","","","","","","","-8","","NA"
"-110.32","51.07","ACADIA VALLEY","3020035","2024-12-06 00:00","2024","12","06","00:00","-1.4","","-2.7","","91","","0.0","","21","","5","","","","","","","","-3","","NA"
"-110.32","51.07","ACADIA VALLEY","3020035","2024-12-06 01:00","2024","12","06","01:00","-0.4","","-3.1","","82","","0.0","","21","","10","","","","","","","","-4","","NA"
"-110.32","51.07","ACADIA VALLEY","3020035","2024-12-06 02:00","2024","12","06","02:00","0.6","","-2.0","","82","","0.0","","27","","24","","","","","","","","","","NA"
"-110.32","51.07","ACADIA VALLEY","3020035","2024-12-06 03:00","2024","12","06","03:00","-3.9","","-5.1","","92","","0.0","","18","","6","","","","","","","","-7","","NA"
"-110.32","51.07","ACADIA VALLEY","3020035","2024-12-06 04:00","2024","12","06","04:00","-4.2","","-5.8","","88","","0.0","","19","","7","","","","","","","","-7","","NA"
"-110.32","51.07","ACADIA VALLEY","3020035","2024-12-06 05:00","2024","12","06","05:00","-3.5","","-4.6","","92","","0.0","","20","","14","","","","","","","","-9","","NA"
"-110.32","51.07","ACADIA VALLEY","3020035","2024-12-06 06:00","2024","12","06","06:00","-3.1","","-4.4","","91","","0.0","","27","","6","","","","","","","","-6","","NA"
"-110.32","51.07","ACADIA VALLEY","3020035","2024-12-06 07:00","2024","12","06","07:00","-1.9","","-4.0","","86","","0.0","","25","","8","","","","","","","","-5","","NA"
"-110.32","51.07","ACADIA VALLEY","3020035","2024-12-06 08:00","2024","12","06","08:00","-5.5","","-6.1","","95","","0.0","","","","0","","","","","","","","","","NA"
"-110.32","51.07","ACADIA VALLEY","3020035","2024-12-06 09:00","2024","12","06","09:00","-4.7","","-6.3","","88","","0.0","","18","","7","","","","","","","","-8","","NA"
"-110.32","51.07","ACADIA VALLEY","3020035","2024-12-06 10:00","2024","12","06","10:00","-2.8","","-5.5","","81","","0.0","","14","","7","","","","","","","","-6","","NA"
"-110.32","51.07","ACADIA VALLEY","3020035","2024-12-06 11:00","2024","12","06","11:00","-2.6","","-5.4","","82","","0.0","","20","","12","","","","","","","","-7","","NA"
"-110.32","51.07","ACADIA VALLEY","3020035","2024-12-06 12:00","2024","12","06","12:00","-1.0","","-4.5","","78","","0.0","","19","","5","","","","","","","","-3","","NA"
"-110.32","51.07","ACADIA VALLEY","3020035","2024-12-06 13:00","2024","12","06","13:00","-0.5","","-3.3","","81","","0.0","","19","","11","","","","","","","","-4","","NA"
"-110.32","51.07","ACADIA VALLEY","3020035","2024-12-06 14:00","2024","12","06","14:00","1.0","","-3.0","","75","","0.0","","12","","3","","","","","","","","","","NA"
"-110.32","51.07","ACADIA VALLEY","3020035","2024-12-06 15:00","2024","12","06","15:00","1.0","","-2.8","","76","","0.0","","18","","5","","","","","","","","","","NA"
"-110.32","51.07","ACADIA VALLEY","3020035","2024-12-06 16:00","2024","12","06","16:00","0.4","","-2.2","","83","","0.0","","22","","9","","","","","","","","","","NA"
"-110.32","51.07","ACADIA VALLEY","3020035","2024-12-06 17:00","2024","12","06","17:00","0.3","","-2.4","","82","","0.0","","33","","6","","","","","","","","","","NA"
"-110.32","51.07","ACADIA VALLEY","3020035","2024-12-06 18:00","2024","12","06","18:00","0.9","","-2.2","","80","","0.0","","27","","24","","","","","","","","","","NA"
"-110.32","51.07","ACADIA VALLEY","3020035","2024-12-06 19:00","2024","12","06","19:00","0.8","","-2.5","","79","","0.0","","36","","4","","","","","","","","","","NA"
"-110.32","51.07","ACADIA VALLEY","3020035","2024-12-06 20:00","2024","12","06","20:00","-0.2","","-2.9","","82","","0.0","","1","","7","","","","","","","","-3","","NA"
"-110.32","51.07","ACADIA VALLEY","3020035","2024-12-06 21:00","2024","12","06","21:00","-0.2","","-2.8","","83","","0.0","","24","","11","","","","","","","","-4","","NA"
"-110.32","51.07","ACADIA VALLEY","3020035","2024-12-06 22:00","2024","12","06","22:00","0.9","","-2.1","","80","","0.0","","29","","9","","","","","","","","","","NA"
"-110.32","51.07","ACADIA VALLEY","3020035","2024-12-06 23:00","2024","12","06","23:00","2.0","","-1.6","","77","","0.0","","25","","14","","","","","","","","","","NA"
"-110.32","51.07","ACADIA VALLEY","3020035","2024-12-07 00:00","2024","12","07","00:00","-1.2","","-3.4","","85","","0.0","","16","","8","","","","","","","","-4","","NA"
"-110.32","51.07","ACADIA VALLEY","3020035","2024-12-07 01:00","2024","12","07","01:00","-1.2","","-3.5","","84","","0.0","","27","","3","","","","","","","","-2","","NA"
"-110.32","51.07","ACADIA VALLEY","3020035","2024-12-07 02:00","2024","12","07","02:00","-2.9","","-5.0","","85","","0.0","","1","","5","","","","","","","","-5","","NA"
"-110.32","51.07","ACADIA VALLEY","3020035","2024-12-07 03:00","2024","12","07","03:00","-5.6","","-6.3","","95","","0.0","","34","","7","","","","","","","","-9","","NA"
"-110.32","51.07","ACADIA VALLEY","3020035","2024-12-07 04:00","2024","12","07","04:00","-3.8","","-4.5","","95","","0.0","","27","","11","","","","","","","","-8","","NA"
"-110.32","51.07","ACADIA VALLEY","3020035","2024-12-07 05:00","2024","12","07","05:00","0.1","","-2.3","","84","","0.0","","31","","13","","","","","","","","","","NA"
"-110.32","51.07","ACADIA VALLEY","3020035","2024-12-07 06:00","2024","12","07","06:00","-0.9","","-2.6","","88","","0.0","","33","","16","","","","","","","","-6","","NA"
"-110.32","51.07","ACADIA VALLEY","3020035","2024-12-07 07:00","2024","12","07","07:00","-0.5","","-2.5","","86","","0.0","","32","","12","","","","","","","","-4","","NA"
"-110.32","51.07","ACADIA VALLEY","3020035","2024-12-07 08:00","2024","12","07","08:00","1.6","","-2.4","","74","","0.0","","32","","12","","","","","","","","","","NA"
"-110.32","51.07","ACADIA VALLEY","3020035","2024-12-07 09:00","2024","12","07","09:00","2.4","","-2.3","","71","","0.0","","35","","3","","","","","","","","","","NA"
"-110.32","51.07","ACADIA VALLEY","3020035","2024-12-07 10:00","2024","12","07","10:00","-0.1","","-3.0","","81","","0.0","","21","","3","","","","","","","","-1","","NA"
"-110.32","51.07","ACADIA VALLEY","3020035","2024-12-07 11:00","2024","12","07","11:00","0.7","","-1.8","","83","","0.0","","18","","6","","","","","","","","","","NA"
"-110.32","51.07","ACADIA VALLEY","3020035","2024-12-07 12:00","2024","12","07","12:00","2.5","","-1.6","","74","","0.0","","","","0","","","","","","","","","","NA"
"-110.32","51.07","ACADIA VALLEY","3020035","2024-12-07 13:00","2024","12","07","13:00","2.4","","-1.2","","77","","0.0","","18","","7","","","","","","","","","","NA"
"-110.32","51.07","ACADIA VALLEY","3020035","2024-12-07 14:00","2024","12","07","14:00","2.3","","-1.3","","77","","0.0","","21","","8","","","","","","","","","","NA"
"-110.32","51.07","ACADIA VALLEY","3020035","2024-12-07 15:00","2024","12","07","15:00","1.5","","-1.4","","81","","0.0","","6","","7","","","","","","","","","","NA"
"-110.32","51.07","ACADIA VALLEY","3020035","2024-12-07 16:00","2024","12","07","16:00","1.4","","-1.0","","84","","0.0","","9","","9","","","","","","","","","","NA"
"-110.32","51.07","ACADIA VALLEY","3020035","2024-12-07 17:00","2024","12","07","17:00","0.5","","-1.2","","88","","0.0","","9","","9","","","","","","","","","","NA"
"-110.32","51.07","ACADIA VALLEY","3020035","2024-12-07 18:00","2024","12","07","18:00","0.0","","-1.4","","90","","0.0","","13","","8","","","","","","","","-3","","NA"
"-110.32","51.07","ACADIA VALLEY","3020035","2024-12-07 19:00","2024","12","07","19:00","-0.7","","-1.6","","93","","0.0","","11","","8","","","","","","","","-4","","NA"
"-110.32","51.07","ACADIA VALLEY","3020035","2024-12-07 20:00","2024","12","07","20:00","-1.2","","-1.9","","95","","0.0","","11","","3","","","","","","","","-2","","NA"
"-110.32","51.07","ACADIA VALLEY","3020035","2024-12-07 21:00","2024","12","07","21:00","-3.0","","-3.3","","98","","0.0","","","","0","","","","","","","","","","NA"
"-110.32","51.07","ACADIA VALLEY","3020035","2024-12-07 22:00","2024","12","07","22:00","-2.5","","-2.6","","99","","0.0","","","","0","","","","","","","","","","NA"
"-110.32","51.07","ACADIA VALLEY","3020035","2024-12-07 23:00","2024","12","07","23:00","-1.8","","-2.1","","98","","0.0","","31","","8","","","","","","","","-5","","NA"
"-110.32","51.07","ACADIA VALLEY","3020035","2024-12-08 00:00","2024","12","08","00:00","-1.1","","-1.6","","97","","0.0","","30","","12","","","","","","","","-5","","NA"
"-110.32","51.07","ACADIA VALLEY","3020035","2024-12-08 01:00","2024","12","08","01:00","0.3","","-0.2","","97","","0.0","","30","","8","","","","","","","","","","NA"
"-110.32","51.07","ACADIA VALLEY","3020035","2024-12-08 02:00","2024","12","08","02:00","0.8","","0.4","","97","","1.7","","28","","17","","","","","","","","","","NA"
"-110.32","51.07","ACADIA VALLEY","3020035","2024-12-08 03:00","2024","12","08","03:00","1.1","","0.7","","97","","0.8","","27","","24","","","","","","","","","","NA"
"-110.32","51.07","ACADIA VALLEY","3020035","2024-12-08 04:00","2024","12","08","04:00","1.8","","1.2","","96","","0.0","","29","","37","","","","","","","","","","NA"
"-110.32","51.07","ACADIA VALLEY","3020035","2024-12-08 05:00","2024","12","08","05:00","2.2","","1.0","","92","","0.0","","30","","44","","","","","","","","","","NA"
"-110.32","51.07","ACADIA VALLEY","3020035","2024-12-08 06:00","2024","12","08","06:00","1.7","","0.6","","93","","0.0","","31","","40","","","","","","","","","","NA"
"-110.32","51.07","ACADIA VALLEY","3020035","2024-12-08 07:00","2024","12","08","07:00","1.3","","0.2","","93","","0.0","","31","","44","","","","","","","","","","NA"
"-110.32","51.07","ACADIA VALLEY","3020035","2024-12-08 08:00","2024","12","08","08:00","0.9","","-0.2","","92","","0.0","","31","","43","","","","","","","","","","NA"
"-110.32","51.07","ACADIA VALLEY","3020035","2024-12-08 09:00","2024","12","08","09:00","0.4","","0.2","","99","","0.4","","32","","42","","","","","","","","","","NA"
"-110.32","51.07","ACADIA VALLEY","3020035","2024-12-08 10:00","2024","12","08","10:00","0.3","","0.2","","100","","0.5","","33","","44","","","","","","","","","","NA"
"-110.32","51.07","ACADIA VALLEY","3020035","2024-12-08 11:00","2024","12","08","11:00","0.3","","0.3","","100","","0.5","","33","","39","","","","","","","","","","NA"
"-110.32","51.07","ACADIA VALLEY","3020035","2024-12-08 12:00","2024","12","08","12:00","0.2","","0.2","","100","","0.5","","33","","39","","","","","","","","","","NA"
"-110.32","51.07","ACADIA VALLEY","3020035","2024-12-08 13:00","2024","12","08","13:00","-0.2","","-0.2","","100","","0.5","","33","","44","","","","","","","","-8","","NA"
"-110.32","51.07","ACADIA VALLEY","3020035","2024-12-08 14:00","2024","12","08","14:00","-1.1","","-1.1","","100","","0.0","","32","","45","","","","","","","","-9","","NA"
"-110.32","51.07","ACADIA VALLEY","3020035","2024-12-08 15:00","2024","12","08","15:00","-1.5","","-1.6","","100","","0.0","","33","","43","","","","","","","","-10","","NA"
"-110.32","51.07","ACADIA VALLEY","3020035","2024-12-08 16:00","2024","12","08","16:00","-1.9","","-2.1","","98","","0.6","","33","","43","","","","","","","","-10","","NA"
"-110.32","51.07","ACADIA VALLEY","3020035","2024-12-08 17:00","2024","12","08","17:00","-2.2","","-2.5","","98","","0.0","","33","","41","","","","","","","","-10","","NA"
"-110.32","51.07","ACADIA VALLEY","3020035","2024-12-08 18:00","2024","12","08","18:00","-2.3","","-2.8","","97","","0.0","","33","","40","","","","","","","","-10","","NA"
"-110.32","51.07","ACADIA VALLEY","3020035","2024-12-08 19:00","2024","12","08","19:00","-2.6","","-3.2","","96","","0.0","","33","","40","","","","","","","","-11","","NA"
"-110.32","51.07","ACADIA VALLEY","3020035","2024-12-08 20:00","2024","12","08","20:00","-2.9","","-3.8","","94","","0.0","","33","","37","","","","","","","","-11","","NA"
"-110.32","51.07","ACADIA VALLEY","3020035","2024-12-08 21:00","2024","12","08","21:00","-3.3","","-4.0","","95","","0.0","","32","","28","","","","","","","","-11","","NA"
"-110.32","51.07","ACADIA VALLEY","3020035","2024-12-08 22:00","2024","12","08","22:00","-2.6","","-3.4","","94","","0.0","","32","","30","","","","","","","","-10","","NA"
"-110.32","51.07","ACADIA VALLEY","3020035","2024-12-08 23:00","2024","12","08","23:00","-2.7","","-3.3","","95","","0.0","","33","","33","","","","","","","","-10","","NA"
"-110.32","51.07","ACADIA VALLEY","3020035","2024-12-09 00:00","2024","12","09","00:00","-2.4","","-3.1","","95","","0.0","","32","","22","","","","","","","","-9","","NA"
"-110.32","51.07","ACADIA VALLEY","3020035","2024-12-09 01:00","2024","12","09","01:00","-2.9","","-3.7","","94","","0.0","","33","","26","","","","","","","","-10","","NA"
"-110.32","51.07","ACADIA VALLEY","3020035","2024-12-09 02:00","2024","12","09","02:00","-2.9","","-3.8","","93","","0.0","","32","","20","","","","","","","","-9","","NA"
"-110.32","51.07","ACADIA VALLEY","3020035","2024-12-09 03:00","2024","12","09","03:00","-2.4","","-3.5","","93","","0.0","","31","","26","","","","","","","","-9","","NA"
"-110.32","51.07","ACADIA VALLEY","3020035","2024-12-09 04:00","2024","12","09","04:00","-2.5","","-3.4","","93","","0.0","","31","","17","","","","","","","","-8","","NA"
"-110.32","51.07","ACADIA VALLEY","3020035","2024-12-09 05:00","2024","12","09","05:00","-2.1","","-3.1","","93","","0.0","","30","","20","","","","","","","","-8","","NA"
"-110.32","51.07","ACADIA VALLEY","3020035","2024-12-09 06:00","2024","12","09","06:00","-1.7","","-2.6","","94","","0.0","","30","","18","","","","","","","","-7","","NA"
"-110.32","51.07","ACADIA VALLEY","3020035","2024-12-09 07:00","2024","12","09","07:00","-1.9","","-2.8","","94","","0.0","","30","","18","","","","","","","","-7","","NA"
"-110.32","51.07","ACADIA VALLEY","3020035","2024-12-09 08:00","2024","12","09","08:00","-2.3","","-3.1","","94","","0.0","","29","","19","","","","","","","","-8","","NA"
"-110.32","51.07","ACADIA VALLEY","3020035","2024-12-09 09:00","2024","12","09","09:00","-2.6","","-3.4","","94","","0.0","","28","","14","","","","","","","","-7","","NA"
"-110.32","51.07","ACADIA VALLEY","3020035","2024-12-09 10:00","2024","12","09","10:00","-2.3","","-3.3","","93","","0.0","","28","","17","","","","","","","","-8","","NA"
"-110.32","51.07","ACADIA VALLEY","3020035","2024-12-09 11:00","2024","12","09","11:00","-1.6","","-2.9","","91","","0.0","","30","","15","","","","","","","","-6","","NA"
"-110.32","51.07","ACADIA VALLEY","3020035","2024-12-09 12:00","2024","12","09","12:00","-1.2","","-2.8","","89","","0.0","","30","","18","","","","","","","","-6","","NA"
"-110.32","51.07","ACADIA VALLEY","3020035","2024-12-09 13:00","2024","12","09","13:00","-0.7","","-2.9","","85","","0.0","","30","","17","","","","","","","","-6","","NA"
"-110.32","51.07","ACADIA VALLEY","3020035","2024-12-09 14:00","2024","12","09","14:00","-1.5","","-3.0","","90","","0.0","","28","","16","","","","","","","","-6","","NA"
"-110.32","51.07","ACADIA VALLEY","3020035","2024-12-09 15:00","2024","12","09","15:00","-1.6","","-3.6","","86","","0.0","","29","","17","","","","","","","","-7","","NA"
"-110.32","51.07","ACADIA VALLEY","3020035","2024-12-09 16:00","2024","12","09","16:00","-4.6","","-6.0","","90","","0.0","","29","","17","","","","","","","","-10","","NA"
"-110.32","51.07","ACADIA VALLEY","3020035","2024-12-09 17:00","2024","12","09","17:00","-6.1","","-7.0","","93","","0.0","","29","","21","","","","","","","","-13","","NA"
"-110.32","51.07","ACADIA VALLEY","3020035","2024-12-09 18:00","2024","12","09","18:00","-6.1","","-7.3","","92","","0.0","","30","","20","","","","","","","","-13","","NA"
"-110.32","51.07","ACADIA VALLEY","3020035","2024-12-09 19:00","2024","12","09","19:00","-4.9","","-6.8","","87","","0.0","","30","","24","","","","","","","","-12","","NA"
"-110.32","51.07","ACADIA VALLEY","3020035","2024-12-09 20:00","2024","12","09","20:00","-4.3","","-6.5","","84","","0.0","","30","","26","","","","","","","","-12","","NA"
"-110.32","51.07","ACADIA VALLEY","3020035","2024-12-09 21:00","2024","12","09","21:00","-3.9","","-6.5","","82","","0.0","","30","","26","","","","","","","","-11","","NA"
"-110.32","51.07","ACADIA VALLEY","3020035","2024-12-09 22:00","2024","12","09","22:00","-3.5","","-6.3","","81","","0.0","","29","","25","","","","","","","","-10","","NA"
"-110.32","51.07","ACADIA VALLEY","3020035","2024-12-09 23:00","2024","12","09","23:00","-4.0","","-6.7","","82","","0.0","","30","","31","","","","","","","","-12","","NA"
"-110.32","51.07","ACADIA VALLEY","3020035","2024-12-10 00:00","2024","12","10","00:00","-5.8","","-7.8","","85","","0.0","","31","","29","","","","","","","","-14","","NA"
"-110.32","51.07","ACADIA VALLEY","3020035","2024-12-10 01:00","2024","12","10","01:00","-5.9","","-7.8","","86","","0.0","","32","","28","","","","","","","","-14","","NA"
"-110.32","51.07","ACADIA VALLEY","3020035","2024-12-10 02:00","2024","12","10","02:00","-5.7","","-7.3","","88","","0.0","","32","","29","","","","","","","","-14","","NA"
"-110.32","51.07","ACADIA VALLEY","3020035","2024-12-10 03:00","2024","12","10","03:00","-4.8","","-6.5","","88","","0.0","","32","","29","","","","","","","","-13","","NA"
"-110.32","51.07","ACADIA VALLEY","3020035","2024-12-10 04:00","2024","12","10","04:00","-4.7","","-6.3","","89","","0.0","","33","","26","","","","","","","","-12","","NA"
"-110.32","51.07","ACADIA VALLEY","3020035","2024-12-10 05:00","2024","12","10","05:00","-4.8","","-6.1","","91","","0.0","","33","","19","","","","","","","","-11","","NA"
"-110.32","51.07","ACADIA VALLEY","3020035","2024-12-10 06:00","2024","12","10","06:00","-5.8","","-7.6","","87","","0.0","","32","","19","","","","","","","","-12","","NA"
"-110.32","51.07","ACADIA VALLEY","3020035","2024-12-10 07:00","2024","12","10","07:00","-7.7","","-9.8","","85","","0.0","","1","","28","","","","","","","","-16","","NA"
"-110.32","51.07","ACADIA VALLEY","3020035","2024-12-10 08:00","2024","12","10","08:00","-9.1","","-11.5","","83","","0.0","","1","","19","","","","","","","","-17","","NA"
"-110.32","51.07","ACADIA VALLEY","3020035","2024-12-10 09:00","2024","12","10","09:00","-10.2","","-12.8","","81","","0.0","","1","","16","","","","","","","","-17","","NA"
"-110.32","51.07","ACADIA VALLEY","3020035","2024-12-10 10:00","2024","12","10","10:00","-11.2","","-13.9","","80","","0.0","","3","","19","","","","","","","","-19","","NA"
"-110.32","51.07","ACADIA VALLEY","3020035","2024-12-10 11:00","2024","12","10","11:00","-11.8","","-15.2","","76","","0.0","","4","","11","","","","","","","","-18","","NA"
"-110.32","51.07","ACADIA VALLEY","3020035","2024-12-10 12:00","2024","12","10","12:00","-11.8","","-14.9","","78","","0.0","","4","","8","","","","","","","","-17","","NA"
"-110.32","51.07","ACADIA VALLEY","3020035","2024-12-10 13:00","2024","12","10","13:00","-12.1","","-14.7","","81","","0.0","","3","","7","","","","","","","","-16","","NA"
"-110.32","51.07","ACADIA VALLEY","3020035","2024-12-10 14:00","2024","12","10","14:00","-12.2","","-14.7","","81","","0.0","","5","","6","","","","","","","","-16","","NA"
"-110.32","51.07","ACADIA VALLEY","3020035","2024-12-10 15:00","2024","12","10","15:00","-12.6","","-15.0","","82","","0.0","","11","","4","","","","","","","","-15","","NA"
"-110.32","51.07","ACADIA VALLEY","3020035","2024-12-10 16:00","2024","12","10","16:00","-13.1","","-15.4","","83","","0.0","","12","","5","","","","","","","","-16","","NA"
"-110.32","51.07","ACADIA VALLEY","3020035","2024-12-10 17:00","2024","12","10","17:00","-13.6","","-15.7","","84","","0.0","","11","","6","","","","","","","","-18","","NA"
"-110.32","51.07","ACADIA VALLEY","3020035","2024-12-10 18:00","2024","12","10","18:00","-13.9","","-15.9","","85","","0.0","","11","","6","","","","","","","","-18","","NA"
"-110.32","51.07","ACADIA VALLEY","3020035","2024-12-10 19:00","2024","12","10","19:00","-14.0","","-15.7","","87","","0.0","","10","","6","","","","","","","","-18","","NA"
"-110.32","51.07","ACADIA VALLEY","3020035","2024-12-10 20:00","2024","12","10","20:00","-14.1","","-15.7","","87","","0.4","","14","","8","","","","","","","","-19","","NA"
"-110.32","51.07","ACADIA VALLEY","3020035","2024-12-10 21:00","2024","12","10","21:00","-14.2","","-15.9","","87","","0.0","","13","","8","","","","","","","","-19","","NA"
"-110.32","51.07","ACADIA VALLEY","3020035","2024-12-10 22:00","2024","12","10","22:00","-14.5","","-16.2","","87","","0.0","","12","","10","","","","","","","","-21","","NA"
"-110.32","51.07","ACADIA VALLEY","3020035","2024-12-10 23:00","2024","12","10","23:00","-14.8","","-16.6","","86","","0.0","","11","","10","","","","","","","","-21","","NA"
"-110.32","51.07","ACADIA VALLEY","3020035","2024-12-11 00:00","2024","12","11","00:00","-14.9","","-16.9","","85","","0.0","","13","","9","","","","","","","","-21","","NA"
"-110.32","51.07","ACADIA VALLEY","3020035","2024-12-11 01:00","2024","12","11","01:00","-14.8","","-17.2","","82","","0.0","","10","","9","","","","","","","","-21","","NA"
"-110.32","51.07","ACADIA VALLEY","3020035","2024-12-11 02:00","2024","12","11","02:00","-14.7","","-16.9","","83","","0.0","","10","","9","","","","","","","","-20","","NA"
"-110.32","51.07","ACADIA VALLEY","3020035","2024-12-11 03:00","2024","12","11","03:00","-14.6","","-17.1","","81","","0.0","","10","","10","","","","","","","","-21","","NA"
"-110.32","51.07","ACADIA VALLEY","3020035","2024-12-11 04:00","2024","12","11","04:00","-14.8","","-18.0","","76","","0.0","","10","","12","","","","","","","","-22","","NA"
"-110.32","51.07","ACADIA VALLEY","3020035","2024-12-11 05:00","2024","12","11","05:00","-15.0","","-17.5","","81","","0.0","","9","","11","","","","","","","","-22","","NA"
"-110.32","51.07","ACADIA VALLEY","3020035","2024-12-11 06:00","2024","12","11","06:00","-15.5","","-17.5","","85","","0.0","","10","","11","","","","","","","","-22","","NA"
"-110.32","51.07","ACADIA VALLEY","3020035","2024-12-11 07:00","2024","12","11","07:00","-15.8","","-17.6","","86","","0.5","","10","","13","","","","","","","","-23","","NA"
"-110.32","51.07","ACADIA VALLEY","3020035","2024-12-11 08:00","2024","12","11","08:00","-15.8","","-17.8","","85","","0.0","","11","","11","","","","","","","","-23","","NA"
"-110.32","51.07","ACADIA VALLEY","3020035","2024-12-11 09:00","2024","12","11","09:00","-15.8","","-17.6","","86","","0.0","","13","","16","","","","","","","","-24","","NA"
"-110.32","51.07","ACADIA VALLEY","3020035","2024-12-11 10:00","2024","12","11","10:00","-15.6","","-17.7","","84","","0.0","","12","","9","","","","","","","","-22","","NA"
"-110.32","51.07","ACADIA VALLEY","3020035","2024-12-11 11:00","2024","12","11","11:00"
"-110.32","51.07","ACADIA VALLEY","3020035","2024-12-11 12:00","2024","12","11","12:00"
"-110.32","51.07","ACADIA VALLEY","3020035","2024-12-11 13:00","2024","12","11","13:00"
"-110.32","51.07","ACADIA VALLEY","3020035","2024-12-11 14:00","2024","12","11","14:00"
"-110.32","51.07","ACADIA VALLEY","3020035","2024-12-11 15:00","2024","12","11","15:00"
"-110.32","51.07","ACADIA VALLEY","3020035","2024-12-11 16:00","2024","12","11","16:00"
"-110.32","51.07","ACADIA VALLEY","3020035","2024-12-11 17:00","2024","12","11","17:00"
"-110.32","51.07","ACADIA VALLEY","3020035","2024-12-11 18:00","2024","12","11","18:00"
"-110.32","51.07","ACADIA VALLEY","3020035","2024-12-11 19:00","2024","12","11","19:00"
"-110.32","51.07","ACADIA VALLEY","3020035","2024-12-11 20:00","2024","12","11","20:00"
"-110.32","51.07","ACADIA VALLEY","3020035","2024-12-11 21:00","2024","12","11","21:00"
"-110.32","51.07","ACADIA VALLEY","3020035","2024-12-11 22:00","2024","12","11","22:00"
"-110.32","51.07","ACADIA VALLEY","3020035","2024-12-11 23:00","2024","12","11","23:00"
"-110.32","51.07","ACADIA VALLEY","3020035","2024-12-12 00:00","2024","12","12","00:00"
"-110.32","51.07","ACADIA VALLEY","3020035","2024-12-12 01:00","2024","12","12","01:00"
"-110.32","51.07","ACADIA VALLEY","3020035","2024-12-12 02:00","2024","12","12","02:00"
"-110.32","51.07","ACADIA VALLEY","3020035","2024-12-12 03:00","2024","12","12","03:00"
"-110.32","51.07","ACADIA VALLEY","3020035","2024-12-12 04:00","2024","12","12","04:00"
"-110.32","51.07","ACADIA VALLEY","3020035","2024-12-12 05:00","2024","12","12","05:00"
"-110.32","51.07","ACADIA VALLEY","3020035","2024-12-12 06:00","2024","12","12","06:00"
"-110.32","51.07","ACADIA VALLEY","3020035","2024-12-12 07:00","2024","12","12","07:00"
"-110.32","51.07","ACADIA VALLEY","3020035","2024-12-12 08:00","2024","12","12","08:00"
"-110.32","51.07","ACADIA VALLEY","3020035","2024-12-12 09:00","2024","12","12","09:00"
"-110.32","51.07","ACADIA VALLEY","3020035","2024-12-12 10:00","2024","12","12","10:00"
"-110.32","51.07","ACADIA VALLEY","3020035","2024-12-12 11:00","2024","12","12","11:00"
"-110.32","51.07","ACADIA VALLEY","3020035","2024-12-12 12:00","2024","12","12","12:00"
"-110.32","51.07","ACADIA VALLEY","3020035","2024-12-12 13:00","2024","12","12","13:00"
"-110.32","51.07","ACADIA VALLEY","3020035","2024-12-12 14:00","2024","12","12","14:00"
"-110.32","51.07","ACADIA VALLEY","3020035","2024-12-12 15:00","2024","12","12","15:00"
"-110.32","51.07","ACADIA VALLEY","3020035","2024-12-12 16:00","2024","12","12","16:00"
"-110.32","51.07","ACADIA VALLEY","3020035","2024-12-12 17:00","2024","12","12","17:00"
"-110.32","51.07","ACADIA VALLEY","3020035","2024-12-12 18:00","2024","12","12","18:00"
"-110.32","51.07","ACADIA VALLEY","3020035","2024-12-12 19:00","2024","12","12","19:00"
"-110.32","51.07","ACADIA VALLEY","3020035","2024-12-12 20:00","2024","12","12","20:00"
"-110.32","51.07","ACADIA VALLEY","3020035","2024-12-12 21:00","2024","12","12","21:00"
"-110.32","51.07","ACADIA VALLEY","3020035","2024-12-12 22:00","2024","12","12","22:00"
"-110.32","51.07","ACADIA VALLEY","3020035","2024-12-12 23:00","2024","12","12","23:00"
"-110.32","51.07","ACADIA VALLEY","3020035","2024-12-13 00:00","2024","12","13","00:00"
"-110.32","51.07","ACADIA VALLEY","3020035","2024-12-13 01:00","2024","12","13","01:00"
"-110.32","51.07","ACADIA VALLEY","3020035","2024-12-13 02:00","2024","12","13","02:00"
"-110.32","51.07","ACADIA VALLEY","3020035","2024-12-13 03:00","2024","12","13","03:00"
"-110.32","51.07","ACADIA VALLEY","3020035","2024-12-13 04:00","2024","12","13","04:00"
"-110.32","51.07","ACADIA VALLEY","3020035","2024-12-13 05:00","2024","12","13","05:00"
"-110.32","51.07","ACADIA VALLEY","3020035","2024-12-13 06:00","2024","12","13","06:00"
"-110.32","51.07","ACADIA VALLEY","3020035","2024-12-13 07:00","2024","12","13","07:00"
"-110.32","51.07","ACADIA VALLEY","3020035","2024-12-13 08:00","2024","12","13","08:00"
"-110.32","51.07","ACADIA VALLEY","3020035","2024-12-13 09:00","2024","12","13","09:00"
"-110.32","51.07","ACADIA VALLEY","3020035","2024-12-13 10:00","2024","12","13","10:00"
"-110.32","51.07","ACADIA VALLEY","3020035","2024-12-13 11:00","2024","12","13","11:00"
"-110.32","51.07","ACADIA VALLEY","3020035","2024-12-13 12:00","2024","12","13","12:00"
"-110.32","51.07","ACADIA VALLEY","3020035","2024-12-13 13:00","2024","12","13","13:00"
"-110.32","51.07","ACADIA VALLEY","3020035","2024-12-13 14:00","2024","12","13","14:00"
"-110.32","51.07","ACADIA VALLEY","3020035","2024-12-13 15:00","2024","12","13","15:00"
"-110.32","51.07","ACADIA VALLEY","3020035","2024-12-13 16:00","2024","12","13","16:00"
"-110.32","51.07","ACADIA VALLEY","3020035","2024-12-13 17:00","2024","12","13","17:00"
"-110.32","51.07","ACADIA VALLEY","3020035","2024-12-13 18:00","2024","12","13","18:00"
"-110.32","51.07","ACADIA VALLEY","3020035","2024-12-13 19:00","2024","12","13","19:00"
"-110.32","51.07","ACADIA VALLEY","3020035","2024-12-13 20:00","2024","12","13","20:00"
"-110.32","51.07","ACADIA VALLEY","3020035","2024-12-13 21:00","2024","12","13","21:00"
"-110.32","51.07","ACADIA VALLEY","3020035","2024-12-13 22:00","2024","12","13","22:00"
"-110.32","51.07","ACADIA VALLEY","3020035","2024-12-13 23:00","2024","12","13","23:00"
"-110.32","51.07","ACADIA VALLEY","3020035","2024-12-14 00:00","2024","12","14","00:00"
"-110.32","51.07","ACADIA VALLEY","3020035","2024-12-14 01:00","2024","12","14","01:00"
"-110.32","51.07","ACADIA VALLEY","3020035","2024-12-14 02:00","2024","12","14","02:00"
"-110.32","51.07","ACADIA VALLEY","3020035","2024-12-14 03:00","2024","12","14","03:00"
"-110.32","51.07","ACADIA VALLEY","3020035","2024-12-14 04:00","2024","12","14","04:00"
"-110.32","51.07","ACADIA VALLEY","3020035","2024-12-14 05:00","2024","12","14","05:00"
"-110.32","51.07","ACADIA VALLEY","3020035","2024-12-14 06:00","2024","12","14","06:00"
"-110.32","51.07","ACADIA VALLEY","3020035","2024-12-14 07:00","2024","12","14","07:00"
"-110.32","51.07","ACADIA VALLEY","3020035","2024-12-14 08:00","2024","12","14","08:00"
"-110.32","51.07","ACADIA VALLEY","3020035","2024-12-14 09:00","2024","12","14","09:00"
"-110.32","51.07","ACADIA VALLEY","3020035","2024-12-14 10:00","2024","12","14","10:00"
"-110.32","51.07","ACADIA VALLEY","3020035","2024-12-14 11:00","2024","12","14","11:00"
"-110.32","51.07","ACADIA VALLEY","3020035","2024-12-14 12:00","2024","12","14","12:00"
"-110.32","51.07","ACADIA VALLEY","3020035","2024-12-14 13:00","2024","12","14","13:00"
"-110.32","51.07","ACADIA VALLEY","3020035","2024-12-14 14:00","2024","12","14","14:00"
"-110.32","51.07","ACADIA VALLEY","3020035","2024-12-14 15:00","2024","12","14","15:00"
"-110.32","51.07","ACADIA VALLEY","3020035","2024-12-14 16:00","2024","12","14","16:00"
"-110.32","51.07","ACADIA VALLEY","3020035","2024-12-14 17:00","2024","12","14","17:00"
"-110.32","51.07","ACADIA VALLEY","3020035","2024-12-14 18:00","2024","12","14","18:00"
"-110.32","51.07","ACADIA VALLEY","3020035","2024-12-14 19:00","2024","12","14","19:00"
"-110.32","51.07","ACADIA VALLEY","3020035","2024-12-14 20:00","2024","12","14","20:00"
"-110.32","51.07","ACADIA VALLEY","3020035","2024-12-14 21:00","2024","12","14","21:00"
"-110.32","51.07","ACADIA VALLEY","3020035","2024-12-14 22:00","2024","12","14","22:00"
"-110.32","51.07","ACADIA VALLEY","3020035","2024-12-14 23:00","2024","12","14","23:00"
"-110.32","51.07","ACADIA VALLEY","3020035","2024-12-15 00:00","2024","12","15","00:00"
"-110.32","51.07","ACADIA VALLEY","3020035","2024-12-15 01:00","2024","12","15","01:00"
"-110.32","51.07","ACADIA VALLEY","3020035","2024-12-15 02:00","2024","12","15","02:00"
"-110.32","51.07","ACADIA VALLEY","3020035","2024-12-15 03:00","2024","12","15","03:00"
"-110.32","51.07","ACADIA VALLEY","3020035","2024-12-15 04:00","2024","12","15","04:00"
"-110.32","51.07","ACADIA VALLEY","3020035","2024-12-15 05:00","2024","12","15","05:00"
"-110.32","51.07","ACADIA VALLEY","3020035","2024-12-15 06:00","2024","12","15","06:00"
"-110.32","51.07","ACADIA VALLEY","3020035","2024-12-15 07:00","2024","12","15","07:00"
"-110.32","51.07","ACADIA VALLEY","3020035","2024-12-15 08:00","2024","12","15","08:00"
"-110.32","51.07","ACADIA VALLEY","3020035","2024-12-15 09:00","2024","12","15","09:00"
"-110.32","51.07","ACADIA VALLEY","3020035","2024-12-15 10:00","2024","12","15","10:00"
"-110.32","51.07","ACADIA VALLEY","3020035","2024-12-15 11:00","2024","12","15","11:00"
"-110.32","51.07","ACADIA VALLEY","3020035","2024-12-15 12:00","2024","12","15","12:00"
"-110.32","51.07","ACADIA VALLEY","3020035","2024-12-15 13:00","2024","12","15","13:00"
"-110.32","51.07","ACADIA VALLEY","3020035","2024-12-15 14:00","2024","12","15","14:00"
"-110.32","51.07","ACADIA VALLEY","3020035","2024-12-15 15:00","2024","12","15","15:00"
"-110.32","51.07","ACADIA VALLEY","3020035","2024-12-15 16:00","2024","12","15","16:00"
"-110.32","51.07","ACADIA VALLEY","3020035","2024-12-15 17:00","2024","12","15","17:00"
"-110.32","51.07","ACADIA VALLEY","3020035","2024-12-15 18:00","2024","12","15","18:00"
"-110.32","51.07","ACADIA VALLEY","3020035","2024-12-15 19:00","2024","12","15","19:00"
"-110.32","51.07","ACADIA VALLEY","3020035","2024-12-15 20:00","2024","12","15","20:00"
"-110.32","51.07","ACADIA VALLEY","3020035","2024-12-15 21:00","2024","12","15","21:00"
"-110.32","51.07","ACADIA VALLEY","3020035","2024-12-15 22:00","2024","12","15","22:00"
"-110.32","51.07","ACADIA VALLEY","3020035","2024-12-15 23:00","2024","12","15","23:00"
"-110.32","51.07","ACADIA VALLEY","3020035","2024-12-16 00:00","2024","12","16","00:00"
"-110.32","51.07","ACADIA VALLEY","3020035","2024-12-16 01:00","2024","12","16","01:00"
"-110.32","51.07","ACADIA VALLEY","3020035","2024-12-16 02:00","2024","12","16","02:00"
"-110.32","51.07","ACADIA VALLEY","3020035","2024-12-16 03:00","2024","12","16","03:00"
"-110.32","51.07","ACADIA VALLEY","3020035","2024-12-16 04:00","2024","12","16","04:00"
"-110.32","51.07","ACADIA VALLEY","3020035","2024-12-16 05:00","2024","12","16","05:00"
"-110.32","51.07","ACADIA VALLEY","3020035","2024-12-16 06:00","2024","12","16","06:00"
"-110.32","51.07","ACADIA VALLEY","3020035","2024-12-16 07:00","2024","12","16","07:00"
"-110.32","51.07","ACADIA VALLEY","3020035","2024-12-16 08:00","2024","12","16","08:00"
"-110.32","51.07","ACADIA VALLEY","3020035","2024-12-16 09:00","2024","12","16","09:00"
"-110.32","51.07","ACADIA VALLEY","3020035","2024-12-16 10:00","2024","12","16","10:00"
"-110.32","51.07","ACADIA VALLEY","3020035","2024-12-16 11:00","2024","12","16","11:00"
"-110.32","51.07","ACADIA VALLEY","3020035","2024-12-16 12:00","2024","12","16","12:00"
"-110.32","51.07","ACADIA VALLEY","3020035","2024-12-16 13:00","2024","12","16","13:00"
"-110.32","51.07","ACADIA VALLEY","3020035","2024-12-16 14:00","2024","12","16","14:00"
"-110.32","51.07","ACADIA VALLEY","3020035","2024-12-16 15:00","2024","12","16","15:00"
"-110.32","51.07","ACADIA VALLEY","3020035","2024-12-16 16:00","2024","12","16","16:00"
"-110.32","51.07","ACADIA VALLEY","3020035","2024-12-16 17:00","2024","12","16","17:00"
"-110.32","51.07","ACADIA VALLEY","3020035","2024-12-16 18:00","2024","12","16","18:00"
"-110.32","51.07","ACADIA VALLEY","3020035","2024-12-16 19:00","2024","12","16","19:00"
"-110.32","51.07","ACADIA VALLEY","3020035","2024-12-16 20:00","2024","12","16","20:00"
"-110.32","51.07","ACADIA VALLEY","3020035","2024-12-16 21:00","2024","12","16","21:00"
"-110.32","51.07","ACADIA VALLEY","3020035","2024-12-16 22:00","2024","12","16","22:00"
"-110.32","51.07","ACADIA VALLEY","3020035","2024-12-16 23:00","2024","12","16","23:00"
"-110.32","51.07","ACADIA VALLEY","3020035","2024-12-17 00:00","2024","12","17","00:00"
"-110.32","51.07","ACADIA VALLEY","3020035","2024-12-17 01:00","2024","12","17","01:00"
"-110.32","51.07","ACADIA VALLEY","3020035","2024-12-17 02:00","2024","12","17","02:00"
"-110.32","51.07","ACADIA VALLEY","3020035","2024-12-17 03:00","2024","12","17","03:00"
"-110.32","51.07","ACADIA VALLEY","3020035","2024-12-17 04:00","2024","12","17","04:00"
"-110.32","51.07","ACADIA VALLEY","3020035","2024-12-17 05:00","2024","12","17","05:00"
"-110.32","51.07","ACADIA VALLEY","3020035","2024-12-17 06:00","2024","12","17","06:00"
"-110.32","51.07","ACADIA VALLEY","3020035","2024-12-17 07:00","2024","12","17","07:00"
"-110.32","51.07","ACADIA VALLEY","3020035","2024-12-17 08:00","2024","12","17","08:00"
"-110.32","51.07","ACADIA VALLEY","3020035","2024-12-17 09:00","2024","12","17","09:00"
"-110.32","51.07","ACADIA VALLEY","3020035","2024-12-17 10:00","2024","12","17","10:00"
"-110.32","51.07","ACADIA VALLEY","3020035","2024-12-17 11:00","2024","12","17","11:00"
"-110.32","51.07","ACADIA VALLEY","3020035","2024-12-17 12:00","2024","12","17","12:00"
"-110.32","51.07","ACADIA VALLEY","3020035","2024-12-17 13:00","2024","12","17","13:00"
"-110.32","51.07","ACADIA VALLEY","3020035","2024-12-17 14:00","2024","12","17","14:00"
"-110.32","51.07","ACADIA VALLEY","3020035","2024-12-17 15:00","2024","12","17","15:00"
"-110.32","51.07","ACADIA VALLEY","3020035","2024-12-17 16:00","2024","12","17","16:00"
"-110.32","51.07","ACADIA VALLEY","3020035","2024-12-17 17:00","2024","12","17","17:00"
"-110.32","51.07","ACADIA VALLEY","3020035","2024-12-17 18:00","2024","12","17","18:00"
"-110.32","51.07","ACADIA VALLEY","3020035","2024-12-17 19:00","2024","12","17","19:00"
"-110.32","51.07","ACADIA VALLEY","3020035","2024-12-17 20:00","2024","12","17","20:00"
"-110.32","51.07","ACADIA VALLEY","3020035","2024-12-17 21:00","2024","12","17","21:00"
"-110.32","51.07","ACADIA VALLEY","3020035","2024-12-17 22:00","2024","12","17","22:00"
"-110.32","51.07","ACADIA VALLEY","3020035","2024-12-17 23:00","2024","12","17","23:00"
"-110.32","51.07","ACADIA VALLEY","3020035","2024-12-18 00:00","2024","12","18","00:00"
"-110.32","51.07","ACADIA VALLEY","3020035","2024-12-18 01:00","2024","12","18","01:00"
"-110.32","51.07","ACADIA VALLEY","3020035","2024-12-18 02:00","2024","12","18","02:00"
"-110.32","51.07","ACADIA VALLEY","3020035","2024-12-18 03:00","2024","12","18","03:00"
"-110.32","51.07","ACADIA VALLEY","3020035","2024-12-18 04:00","2024","12","18","04:00"
"-110.32","51.07","ACADIA VALLEY","3020035","2024-12-18 05:00","2024","12","18","05:00"
"-110.32","51.07","ACADIA VALLEY","3020035","2024-12-18 06:00","2024","12","18","06:00"
"-110.32","51.07","ACADIA VALLEY","3020035","2024-12-18 07:00","2024","12","18","07:00"
"-110.32","51.07","ACADIA VALLEY","3020035","2024-12-18 08:00","2024","12","18","08:00"
"-110.32","51.07","ACADIA VALLEY","3020035","2024-12-18 09:00","2024","12","18","09:00"
"-110.32","51.07","ACADIA VALLEY","3020035","2024-12-18 10:00","2024","12","18","10:00"
"-110.32","51.07","ACADIA VALLEY","3020035","2024-12-18 11:00","2024","12","18","11:00"
"-110.32","51.07","ACADIA VALLEY","3020035","2024-12-18 12:00","2024","12","18","12:00"
"-110.32","51.07","ACADIA VALLEY","3020035","2024-12-18 13:00","2024","12","18","13:00"
"-110.32","51.07","ACADIA VALLEY","3020035","2024-12-18 14:00","2024","12","18","14:00"
"-110.32","51.07","ACADIA VALLEY","3020035","2024-12-18 15:00","2024","12","18","15:00"
"-110.32","51.07","ACADIA VALLEY","3020035","2024-12-18 16:00","2024","12","18","16:00"
"-110.32","51.07","ACADIA VALLEY","3020035","2024-12-18 17:00","2024","12","18","17:00"
"-110.32","51.07","ACADIA VALLEY","3020035","2024-12-18 18:00","2024","12","18","18:00"
"-110.32","51.07","ACADIA VALLEY","3020035","2024-12-18 19:00","2024","12","18","19:00"
"-110.32","51.07","ACADIA VALLEY","3020035","2024-12-18 20:00","2024","12","18","20:00"
"-110.32","51.07","ACADIA VALLEY","3020035","2024-12-18 21:00","2024","12","18","21:00"
"-110.32","51.07","ACADIA VALLEY","3020035","2024-12-18 22:00","2024","12","18","22:00"
"-110.32","51.07","ACADIA VALLEY","3020035","2024-12-18 23:00","2024","12","18","23:00"
"-110.32","51.07","ACADIA VALLEY","3020035","2024-12-19 00:00","2024","12","19","00:00"
"-110.32","51.07","ACADIA VALLEY","3020035","2024-12-19 01:00","2024","12","19","01:00"
"-110.32","51.07","ACADIA VALLEY","3020035","2024-12-19 02:00","2024","12","19","02:00"
"-110.32","51.07","ACADIA VALLEY","3020035","2024-12-19 03:00","2024","12","19","03:00"
"-110.32","51.07","ACADIA VALLEY","3020035","2024-12-19 04:00","2024","12","19","04:00"
"-110.32","51.07","ACADIA VALLEY","3020035","2024-12-19 05:00","2024","12","19","05:00"
"-110.32","51.07","ACADIA VALLEY","3020035","2024-12-19 06:00","2024","12","19","06:00"
"-110.32","51.07","ACADIA VALLEY","3020035","2024-12-19 07:00","2024","12","19","07:00"
"-110.32","51.07","ACADIA VALLEY","3020035","2024-12-19 08:00","2024","12","19","08:00"
"-110.32","51.07","ACADIA VALLEY","3020035","2024-12-19 09:00","2024","12","19","09:00"
"-110.32","51.07","ACADIA VALLEY","3020035","2024-12-19 10:00","2024","12","19","10:00"
"-110.32","51.07","ACADIA VALLEY","3020035","2024-12-19 11:00","2024","12","19","11:00"
"-110.32","51.07","ACADIA VALLEY","3020035","2024-12-19 12:00","2024","12","19","12:00"
"-110.32","51.07","ACADIA VALLEY","3020035","2024-12-19 13:00","2024","12","19","13:00"
"-110.32","51.07","ACADIA VALLEY","3020035","2024-12-19 14:00","2024","12","19","14:00"
"-110.32","51.07","ACADIA VALLEY","3020035","2024-12-19 15:00","2024","12","19","15:00"
"-110.32","51.07","ACADIA VALLEY","3020035","2024-12-19 16:00","2024","12","19","16:00"
"-110.32","51.07","ACADIA VALLEY","3020035","2024-12-19 17:00","2024","12","19","17:00"
"-110.32","51.07","ACADIA VALLEY","3020035","2024-12-19 18:00","2024","12","19","18:00"
"-110.32","51.07","ACADIA VALLEY","3020035","2024-12-19 19:00","2024","12","19","19:00"
"-110.32","51.07","ACADIA VALLEY","3020035","2024-12-19 20:00","2024","12","19","20:00"
"-110.32","51.07","ACADIA VALLEY","3020035","2024-12-19 21:00","2024","12","19","21:00"
"-110.32","51.07","ACADIA VALLEY","3020035","2024-12-19 22:00","2024","12","19","22:00"
"-110.32","51.07","ACADIA VALLEY","3020035","2024-12-19 23:00","2024","12","19","23:00"
"-110.32","51.07","ACADIA VALLEY","3020035","2024-12-20 00:00","2024","12","20","00:00"
"-110.32","51.07","ACADIA VALLEY","3020035","2024-12-20 01:00","2024","12","20","01:00"
"-110.32","51.07","ACADIA VALLEY","3020035","2024-12-20 02:00","2024","12","20","02:00"
"-110.32","51.07","ACADIA VALLEY","3020035","2024-12-20 03:00","2024","12","20","03:00"
"-110.32","51.07","ACADIA VALLEY","3020035","2024-12-20 04:00","2024","12","20","04:00"
"-110.32","51.07","ACADIA VALLEY","3020035","2024-12-20 05:00","2024","12","20","05:00"
"-110.32","51.07","ACADIA VALLEY","3020035","2024-12-20 06:00","2024","12","20","06:00"
"-110.32","51.07","ACADIA VALLEY","3020035","2024-12-20 07:00","2024","12","20","07:00"
"-110.32","51.07","ACADIA VALLEY","3020035","2024-12-20 08:00","2024","12","20","08:00"
"-110.32","51.07","ACADIA VALLEY","3020035","2024-12-20 09:00","2024","12","20","09:00"
"-110.32","51.07","ACADIA VALLEY","3020035","2024-12-20 10:00","2024","12","20","10:00"
"-110.32","51.07","ACADIA VALLEY","3020035","2024-12-20 11:00","2024","12","20","11:00"
"-110.32","51.07","ACADIA VALLEY","3020035","2024-12-20 12:00","2024","12","20","12:00"
"-110.32","51.07","ACADIA VALLEY","3020035","2024-12-20 13:00","2024","12","20","13:00"
"-110.32","51.07","ACADIA VALLEY","3020035","2024-12-20 14:00","2024","12","20","14:00"
"-110.32","51.07","ACADIA VALLEY","3020035","2024-12-20 15:00","2024","12","20","15:00"
"-110.32","51.07","ACADIA VALLEY","3020035","2024-12-20 16:00","2024","12","20","16:00"
"-110.32","51.07","ACADIA VALLEY","3020035","2024-12-20 17:00","2024","12","20","17:00"
"-110.32","51.07","ACADIA VALLEY","3020035","2024-12-20 18:00","2024","12","20","18:00"
"-110.32","51.07","ACADIA VALLEY","3020035","2024-12-20 19:00","2024","12","20","19:00"
"-110.32","51.07","ACADIA VALLEY","3020035","2024-12-20 20:00","2024","12","20","20:00"
"-110.32","51.07","ACADIA VALLEY","3020035","2024-12-20 21:00","2024","12","20","21:00"
"-110.32","51.07","ACADIA VALLEY","3020035","2024-12-20 22:00","2024","12","20","22:00"
"-110.32","51.07","ACADIA VALLEY","3020035","2024-12-20 23:00","2024","12","20","23:00"
"-110.32","51.07","ACADIA VALLEY","3020035","2024-12-21 00:00","2024","12","21","00:00"
"-110.32","51.07","ACADIA VALLEY","3020035","2024-12-21 01:00","2024","12","21","01:00"
"-110.32","51.07","ACADIA VALLEY","3020035","2024-12-21 02:00","2024","12","21","02:00"
"-110.32","51.07","ACADIA VALLEY","3020035","2024-12-21 03:00","2024","12","21","03:00"
"-110.32","51.07","ACADIA VALLEY","3020035","2024-12-21 04:00","2024","12","21","04:00"
"-110.32","51.07","ACADIA VALLEY","3020035","2024-12-21 05:00","2024","12","21","05:00"
"-110.32","51.07","ACADIA VALLEY","3020035","2024-12-21 06:00","2024","12","21","06:00"
"-110.32","51.07","ACADIA VALLEY","3020035","2024-12-21 07:00","2024","12","21","07:00"
"-110.32","51.07","ACADIA VALLEY","3020035","2024-12-21 08:00","2024","12","21","08:00"
"-110.32","51.07","ACADIA VALLEY","3020035","2024-12-21 09:00","2024","12","21","09:00"
"-110.32","51.07","ACADIA VALLEY","3020035","2024-12-21 10:00","2024","12","21","10:00"
"-110.32","51.07","ACADIA VALLEY","3020035","2024-12-21 11:00","2024","12","21","11:00"
"-110.32","51.07","ACADIA VALLEY","3020035","2024-12-21 12:00","2024","12","21","12:00"
"-110.32","51.07","ACADIA VALLEY","3020035","2024-12-21 13:00","2024","12","21","13:00"
"-110.32","51.07","ACADIA VALLEY","3020035","2024-12-21 14:00","2024","12","21","14:00"
"-110.32","51.07","ACADIA VALLEY","3020035","2024-12-21 15:00","2024","12","21","15:00"
"-110.32","51.07","ACADIA VALLEY","3020035","2024-12-21 16:00","2024","12","21","16:00"
"-110.32","51.07","ACADIA VALLEY","3020035","2024-12-21 17:00","2024","12","21","17:00"
"-110.32","51.07","ACADIA VALLEY","3020035","2024-12-21 18:00","2024","12","21","18:00"
"-110.32","51.07","ACADIA VALLEY","3020035","2024-12-21 19:00","2024","12","21","19:00"
"-110.32","51.07","ACADIA VALLEY","3020035","2024-12-21 20:00","2024","12","21","20:00"
"-110.32","51.07","ACADIA VALLEY","3020035","2024-12-21 21:00","2024","12","21","21:00"
"-110.32","51.07","ACADIA VALLEY","3020035","2024-12-21 22:00","2024","12","21","22:00"
"-110.32","51.07","ACADIA VALLEY","3020035","2024-12-21 23:00","2024","12","21","23:00"
"-110.32","51.07","ACADIA VALLEY","3020035","2024-12-22 00:00","2024","12","22","00:00"
"-110.32","51.07","ACADIA VALLEY","3020035","2024-12-22 01:00","2024","12","22","01:00"
"-110.32","51.07","ACADIA VALLEY","3020035","2024-12-22 02:00","2024","12","22","02:00"
"-110.32","51.07","ACADIA VALLEY","3020035","2024-12-22 03:00","2024","12","22","03:00"
"-110.32","51.07","ACADIA VALLEY","3020035","2024-12-22 04:00","2024","12","22","04:00"
"-110.32","51.07","ACADIA VALLEY","3020035","2024-12-22 05:00","2024","12","22","05:00"
"-110.32","51.07","ACADIA VALLEY","3020035","2024-12-22 06:00","2024","12","22","06:00"
"-110.32","51.07","ACADIA VALLEY","3020035","2024-12-22 07:00","2024","12","22","07:00"
"-110.32","51.07","ACADIA VALLEY","3020035","2024-12-22 08:00","2024","12","22","08:00"
"-110.32","51.07","ACADIA VALLEY","3020035","2024-12-22 09:00","2024","12","22","09:00"
"-110.32","51.07","ACADIA VALLEY","3020035","2024-12-22 10:00","2024","12","22","10:00"
"-110.32","51.07","ACADIA VALLEY","3020035","2024-12-22 11:00","2024","12","22","11:00"
"-110.32","51.07","ACADIA VALLEY","3020035","2024-12-22 12:00","2024","12","22","12:00"
"-110.32","51.07","ACADIA VALLEY","3020035","2024-12-22 13:00","2024","12","22","13:00"
"-110.32","51.07","ACADIA VALLEY","3020035","2024-12-22 14:00","2024","12","22","14:00"
"-110.32","51.07","ACADIA VALLEY","3020035","2024-12-22 15:00","2024","12","22","15:00"
"-110.32","51.07","ACADIA VALLEY","3020035","2024-12-22 16:00","2024","12","22","16:00"
"-110.32","51.07","ACADIA VALLEY","3020035","2024-12-22 17:00","2024","12","22","17:00"
"-110.32","51.07","ACADIA VALLEY","3020035","2024-12-22 18:00","2024","12","22","18:00"
"-110.32","51.07","ACADIA VALLEY","3020035","2024-12-22 19:00","2024","12","22","19:00"
"-110.32","51.07","ACADIA VALLEY","3020035","2024-12-22 20:00","2024","12","22","20:00"
"-110.32","51.07","ACADIA VALLEY","3020035","2024-12-22 21:00","2024","12","22","21:00"
"-110.32","51.07","ACADIA VALLEY","3020035","2024-12-22 22:00","2024","12","22","22:00"
"-110.32","51.07","ACADIA VALLEY","3020035","2024-12-22 23:00","2024","12","22","23:00"
"-110.32","51.07","ACADIA VALLEY","3020035","2024-12-23 00:00","2024","12","23","00:00"
"-110.32","51.07","ACADIA VALLEY","3020035","2024-12-23 01:00","2024","12","23","01:00"
"-110.32","51.07","ACADIA VALLEY","3020035","2024-12-23 02:00","2024","12","23","02:00"
"-110.32","51.07","ACADIA VALLEY","3020035","2024-12-23 03:00","2024","12","23","03:00"
"-110.32","51.07","ACADIA VALLEY","3020035","2024-12-23 04:00","2024","12","23","04:00"
"-110.32","51.07","ACADIA VALLEY","3020035","2024-12-23 05:00","2024","12","23","05:00"
"-110.32","51.07","ACADIA VALLEY","3020035","2024-12-23 06:00","2024","12","23","06:00"
"-110.32","51.07","ACADIA VALLEY","3020035","2024-12-23 07:00","2024","12","23","07:00"
"-110.32","51.07","ACADIA VALLEY","3020035","2024-12-23 08:00","2024","12","23","08:00"
"-110.32","51.07","ACADIA VALLEY","3020035","2024-12-23 09:00","2024","12","23","09:00"
"-110.32","51.07","ACADIA VALLEY","3020035","2024-12-23 10:00","2024","12","23","10:00"
"-110.32","51.07","ACADIA VALLEY","3020035","2024-12-23 11:00","2024","12","23","11:00"
"-110.32","51.07","ACADIA VALLEY","3020035","2024-12-23 12:00","2024","12","23","12:00"
"-110.32","51.07","ACADIA VALLEY","3020035","2024-12-23 13:00","2024","12","23","13:00"
"-110.32","51.07","ACADIA VALLEY","3020035","2024-12-23 14:00","2024","12","23","14:00"
"-110.32","51.07","ACADIA VALLEY","3020035","2024-12-23 15:00","2024","12","23","15:00"
"-110.32","51.07","ACADIA VALLEY","3020035","2024-12-23 16:00","2024","12","23","16:00"
"-110.32","51.07","ACADIA VALLEY","3020035","2024-12-23 17:00","2024","12","23","17:00"
"-110.32","51.07","ACADIA VALLEY","3020035","2024-12-23 18:00","2024","12","23","18:00"
"-110.32","51.07","ACADIA VALLEY","3020035","2024-12-23 19:00","2024","12","23","19:00"
"-110.32","51.07","ACADIA VALLEY","3020035","2024-12-23 20:00","2024","12","23","20:00"
"-110.32","51.07","ACADIA VALLEY","3020035","2024-12-23 21:00","2024","12","23","21:00"
"-110.32","51.07","ACADIA VALLEY","3020035","2024-12-23 22:00","2024","12","23","22:00"
"-110.32","51.07","ACADIA VALLEY","3020035","2024-12-23 23:00","2024","12","23","23:00"
"-110.32","51.07","ACADIA VALLEY","3020035","2024-12-24 00:00","2024","12","24","00:00"
"-110.32","51.07","ACADIA VALLEY","3020035","2024-12-24 01:00","2024","12","24","01:00"
"-110.32","51.07","ACADIA VALLEY","3020035","2024-12-24 02:00","2024","12","24","02:00"
"-110.32","51.07","ACADIA VALLEY","3020035","2024-12-24 03:00","2024","12","24","03:00"
"-110.32","51.07","ACADIA VALLEY","3020035","2024-12-24 04:00","2024","12","24","04:00"
"-110.32","51.07","ACADIA VALLEY","3020035","2024-12-24 05:00","2024","12","24","05:00"
"-110.32","51.07","ACADIA VALLEY","3020035","2024-12-24 06:00","2024","12","24","06:00"
"-110.32","51.07","ACADIA VALLEY","3020035","2024-12-24 07:00","2024","12","24","07:00"
"-110.32","51.07","ACADIA VALLEY","3020035","2024-12-24 08:00","2024","12","24","08:00"
"-110.32","51.07","ACADIA VALLEY","3020035","2024-12-24 09:00","2024","12","24","09:00"
"-110.32","51.07","ACADIA VALLEY","3020035","2024-12-24 10:00","2024","12","24","10:00"
"-110.32","51.07","ACADIA VALLEY","3020035","2024-12-24 11:00","2024","12","24","11:00"
"-110.32","51.07","ACADIA VALLEY","3020035","2024-12-24 12:00","2024","12","24","12:00"
"-110.32","51.07","ACADIA VALLEY","3020035","2024-12-24 13:00","2024","12","24","13:00"
"-110.32","51.07","ACADIA VALLEY","3020035","2024-12-24 14:00","2024","12","24","14:00"
"-110.32","51.07","ACADIA VALLEY","3020035","2024-12-24 15:00","2024","12","24","15:00"
"-110.32","51.07","ACADIA VALLEY","3020035","2024-12-24 16:00","2024","12","24","16:00"
"-110.32","51.07","ACADIA VALLEY","3020035","2024-12-24 17:00","2024","12","24","17:00"
"-110.32","51.07","ACADIA VALLEY","3020035","2024-12-24 18:00","2024","12","24","18:00"
"-110.32","51.07","ACADIA VALLEY","3020035","2024-12-24 19:00","2024","12","24","19:00"
"-110.32","51.07","ACADIA VALLEY","3020035","2024-12-24 20:00","2024","12","24","20:00"
"-110.32","51.07","ACADIA VALLEY","3020035","2024-12-24 21:00","2024","12","24","21:00"
"-110.32","51.07","ACADIA VALLEY","3020035","2024-12-24 22:00","2024","12","24","22:00"
"-110.32","51.07","ACADIA VALLEY","3020035","2024-12-24 23:00","2024","12","24","23:00"
"-110.32","51.07","ACADIA VALLEY","3020035","2024-12-25 00:00","2024","12","25","00:00"
"-110.32","51.07","ACADIA VALLEY","3020035","2024-12-25 01:00","2024","12","25","01:00"
"-110.32","51.07","ACADIA VALLEY","3020035","2024-12-25 02:00","2024","12","25","02:00"
"-110.32","51.07","ACADIA VALLEY","3020035","2024-12-25 03:00","2024","12","25","03:00"
"-110.32","51.07","ACADIA VALLEY","3020035","2024-12-25 04:00","2024","12","25","04:00"
"-110.32","51.07","ACADIA VALLEY","3020035","2024-12-25 05:00","2024","12","25","05:00"
"-110.32","51.07","ACADIA VALLEY","3020035","2024-12-25 06:00","2024","12","25","06:00"
"-110.32","51.07","ACADIA VALLEY","3020035","2024-12-25 07:00","2024","12","25","07:00"
"-110.32","51.07","ACADIA VALLEY","3020035","2024-12-25 08:00","2024","12","25","08:00"
"-110.32","51.07","ACADIA VALLEY","3020035","2024-12-25 09:00","2024","12","25","09:00"
"-110.32","51.07","ACADIA VALLEY","3020035","2024-12-25 10:00","2024","12","25","10:00"
"-110.32","51.07","ACADIA VALLEY","3020035","2024-12-25 11:00","2024","12","25","11:00"
"-110.32","51.07","ACADIA VALLEY","3020035","2024-12-25 12:00","2024","12","25","12:00"
"-110.32","51.07","ACADIA VALLEY","3020035","2024-12-25 13:00","2024","12","25","13:00"
"-110.32","51.07","ACADIA VALLEY","3020035","2024-12-25 14:00","2024","12","25","14:00"
"-110.32","51.07","ACADIA VALLEY","3020035","2024-12-25 15:00","2024","12","25","15:00"
"-110.32","51.07","ACADIA VALLEY","3020035","2024-12-25 16:00","2024","12","25","16:00"
"-110.32","51.07","ACADIA VALLEY","3020035","2024-12-25 17:00","2024","12","25","17:00"
"-110.32","51.07","ACADIA VALLEY","3020035","2024-12-25 18:00","2024","12","25","18:00"
"-110.32","51.07","ACADIA VALLEY","3020035","2024-12-25 19:00","2024","12","25","19:00"
"-110.32","51.07","ACADIA VALLEY","3020035","2024-12-25 20:00","2024","12","25","20:00"
"-110.32","51.07","ACADIA VALLEY","3020035","2024-12-25 21:00","2024","12","25","21:00"
"-110.32","51.07","ACADIA VALLEY","3020035","2024-12-25 22:00","2024","12","25","22:00"
"-110.32","51.07","ACADIA VALLEY","3020035","2024-12-25 23:00","2024","12","25","23:00"
"-110.32","51.07","ACADIA VALLEY","3020035","2024-12-26 00:00","2024","12","26","00:00"
"-110.32","51.07","ACADIA VALLEY","3020035","2024-12-26 01:00","2024","12","26","01:00"
"-110.32","51.07","ACADIA VALLEY","3020035","2024-12-26 02:00","2024","12","26","02:00"
"-110.32","51.07","ACADIA VALLEY","3020035","2024-12-26 03:00","2024","12","26","03:00"
"-110.32","51.07","ACADIA VALLEY","3020035","2024-12-26 04:00","2024","12","26","04:00"
"-110.32","51.07","ACADIA VALLEY","3020035","2024-12-26 05:00","2024","12","26","05:00"
"-110.32","51.07","ACADIA VALLEY","3020035","2024-12-26 06:00","2024","12","26","06:00"
"-110.32","51.07","ACADIA VALLEY","3020035","2024-12-26 07:00","2024","12","26","07:00"
"-110.32","51.07","ACADIA VALLEY","3020035","2024-12-26 08:00","2024","12","26","08:00"
"-110.32","51.07","ACADIA VALLEY","3020035","2024-12-26 09:00","2024","12","26","09:00"
"-110.32","51.07","ACADIA VALLEY","3020035","2024-12-26 10:00","2024","12","26","10:00"
"-110.32","51.07","ACADIA VALLEY","3020035","2024-12-26 11:00","2024","12","26","11:00"
"-110.32","51.07","ACADIA VALLEY","3020035","2024-12-26 12:00","2024","12","26","12:00"
"-110.32","51.07","ACADIA VALLEY","3020035","2024-12-26 13:00","2024","12","26","13:00"
"-110.32","51.07","ACADIA VALLEY","3020035","2024-12-26 14:00","2024","12","26","14:00"
"-110.32","51.07","ACADIA VALLEY","3020035","2024-12-26 15:00","2024","12","26","15:00"
"-110.32","51.07","ACADIA VALLEY","3020035","2024-12-26 16:00","2024","12","26","16:00"
"-110.32","51.07","ACADIA VALLEY","3020035","2024-12-26 17:00","2024","12","26","17:00"
"-110.32","51.07","ACADIA VALLEY","3020035","2024-12-26 18:00","2024","12","26","18:00"
"-110.32","51.07","ACADIA VALLEY","3020035","2024-12-26 19:00","2024","12","26","19:00"
"-110.32","51.07","ACADIA VALLEY","3020035","2024-12-26 20:00","2024","12","26","20:00"
"-110.32","51.07","ACADIA VALLEY","3020035","2024-12-26 21:00","2024","12","26","21:00"
"-110.32","51.07","ACADIA VALLEY","3020035","2024-12-26 22:00","2024","12","26","22:00"
"-110.32","51.07","ACADIA VALLEY","3020035","2024-12-26 23:00","2024","12","26","23:00"
"-110.32","51.07","ACADIA VALLEY","3020035","2024-12-27 00:00","2024","12","27","00:00"
"-110.32","51.07","ACADIA VALLEY","3020035","2024-12-27 01:00","2024","12","27","01:00"
"-110.32","51.07","ACADIA VALLEY","3020035","2024-12-27 02:00","2024","12","27","02:00"
"-110.32","51.07","ACADIA VALLEY","3020035","2024-12-27 03:00","2024","12","27","03:00"
"-110.32","51.07","ACADIA VALLEY","3020035","2024-12-27 04:00","2024","12","27","04:00"
"-110.32","51.07","ACADIA VALLEY","3020035","2024-12-27 05:00","2024","12","27","05:00"
"-110.32","51.07","ACADIA VALLEY","3020035","2024-12-27 06:00","2024","12","27","06:00"
"-110.32","51.07","ACADIA VALLEY","3020035","2024-12-27 07:00","2024","12","27","07:00"
"-110.32","51.07","ACADIA VALLEY","3020035","2024-12-27 08:00","2024","12","27","08:00"
"-110.32","51.07","ACADIA VALLEY","3020035","2024-12-27 09:00","2024","12","27","09:00"
"-110.32","51.07","ACADIA VALLEY","3020035","2024-12-27 10:00","2024","12","27","10:00"
"-110.32","51.07","ACADIA VALLEY","3020035","2024-12-27 11:00","2024","12","27","11:00"
"-110.32","51.07","ACADIA VALLEY","3020035","2024-12-27 12:00","2024","12","27","12:00"
"-110.32","51.07","ACADIA VALLEY","3020035","2024-12-27 13:00","2024","12","27","13:00"
"-110.32","51.07","ACADIA VALLEY","3020035","2024-12-27 14:00","2024","12","27","14:00"
"-110.32","51.07","ACADIA VALLEY","3020035","2024-12-27 15:00","2024","12","27","15:00"
"-110.32","51.07","ACADIA VALLEY","3020035","2024-12-27 16:00","2024","12","27","16:00"
"-110.32","51.07","ACADIA VALLEY","3020035","2024-12-27 17:00","2024","12","27","17:00"
"-110.32","51.07","ACADIA VALLEY","3020035","2024-12-27 18:00","2024","12","27","18:00"
"-110.32","51.07","ACADIA VALLEY","3020035","2024-12-27 19:00","2024","12","27","19:00"
"-110.32","51.07","ACADIA VALLEY","3020035","2024-12-27 20:00","2024","12","27","20:00"
"-110.32","51.07","ACADIA VALLEY","3020035","2024-12-27 21:00","2024","12","27","21:00"
"-110.32","51.07","ACADIA VALLEY","3020035","2024-12-27 22:00","2024","12","27","22:00"
"-110.32","51.07","ACADIA VALLEY","3020035","2024-12-27 23:00","2024","12","27","23:00"
"-110.32","51.07","ACADIA VALLEY","3020035","2024-12-28 00:00","2024","12","28","00:00"
"-110.32","51.07","ACADIA VALLEY","3020035","2024-12-28 01:00","2024","12","28","01:00"
"-110.32","51.07","ACADIA VALLEY","3020035","2024-12-28 02:00","2024","12","28","02:00"
"-110.32","51.07","ACADIA VALLEY","3020035","2024-12-28 03:00","2024","12","28","03:00"
"-110.32","51.07","ACADIA VALLEY","3020035","2024-12-28 04:00","2024","12","28","04:00"
"-110.32","51.07","ACADIA VALLEY","3020035","2024-12-28 05:00","2024","12","28","05:00"
"-110.32","51.07","ACADIA VALLEY","3020035","2024-12-28 06:00","2024","12","28","06:00"
"-110.32","51.07","ACADIA VALLEY","3020035","2024-12-28 07:00","2024","12","28","07:00"
"-110.32","51.07","ACADIA VALLEY","3020035","2024-12-28 08:00","2024","12","28","08:00"
"-110.32","51.07","ACADIA VALLEY","3020035","2024-12-28 09:00","2024","12","28","09:00"
"-110.32","51.07","ACADIA VALLEY","3020035","2024-12-28 10:00","2024","12","28","10:00"
"-110.32","51.07","ACADIA VALLEY","3020035","2024-12-28 11:00","2024","12","28","11:00"
"-110.32","51.07","ACADIA VALLEY","3020035","2024-12-28 12:00","2024","12","28","12:00"
"-110.32","51.07","ACADIA VALLEY","3020035","2024-12-28 13:00","2024","12","28","13:00"
"-110.32","51.07","ACADIA VALLEY","3020035","2024-12-28 14:00","2024","12","28","14:00"
"-110.32","51.07","ACADIA VALLEY","3020035","2024-12-28 15:00","2024","12","28","15:00"
"-110.32","51.07","ACADIA VALLEY","3020035","2024-12-28 16:00","2024","12","28","16:00"
"-110.32","51.07","ACADIA VALLEY","3020035","2024-12-28 17:00","2024","12","28","17:00"
"-110.32","51.07","ACADIA VALLEY","3020035","2024-12-28 18:00","2024","12","28","18:00"
"-110.32","51.07","ACADIA VALLEY","3020035","2024-12-28 19:00","2024","12","28","19:00"
"-110.32","51.07","ACADIA VALLEY","3020035","2024-12-28 20:00","2024","12","28","20:00"
"-110.32","51.07","ACADIA VALLEY","3020035","2024-12-28 21:00","2024","12","28","21:00"
"-110.32","51.07","ACADIA VALLEY","3020035","2024-12-28 22:00","2024","12","28","22:00"
"-110.32","51.07","ACADIA VALLEY","3020035","2024-12-28 23:00","2024","12","28","23:00"
"-110.32","51.07","ACADIA VALLEY","3020035","2024-12-29 00:00","2024","12","29","00:00"
"-110.32","51.07","ACADIA VALLEY","3020035","2024-12-29 01:00","2024","12","29","01:00"
"-110.32","51.07","ACADIA VALLEY","3020035","2024-12-29 02:00","2024","12","29","02:00"
"-110.32","51.07","ACADIA VALLEY","3020035","2024-12-29 03:00","2024","12","29","03:00"
"-110.32","51.07","ACADIA VALLEY","3020035","2024-12-29 04:00","2024","12","29","04:00"
"-110.32","51.07","ACADIA VALLEY","3020035","2024-12-29 05:00","2024","12","29","05:00"
"-110.32","51.07","ACADIA VALLEY","3020035","2024-12-29 06:00","2024","12","29","06:00"
"-110.32","51.07","ACADIA VALLEY","3020035","2024-12-29 07:00","2024","12","29","07:00"
"-110.32","51.07","ACADIA VALLEY","3020035","2024-12-29 08:00","2024","12","29","08:00"
"-110.32","51.07","ACADIA VALLEY","3020035","2024-12-29 09:00","2024","12","29","09:00"
"-110.32","51.07","ACADIA VALLEY","3020035","2024-12-29 10:00","2024","12","29","10:00"
"-110.32","51.07","ACADIA VALLEY","3020035","2024-12-29 11:00","2024","12","29","11:00"
"-110.32","51.07","ACADIA VALLEY","3020035","2024-12-29 12:00","2024","12","29","12:00"
"-110.32","51.07","ACADIA VALLEY","3020035","2024-12-29 13:00","2024","12","29","13:00"
"-110.32","51.07","ACADIA VALLEY","3020035","2024-12-29 14:00","2024","12","29","14:00"
"-110.32","51.07","ACADIA VALLEY","3020035","2024-12-29 15:00","2024","12","29","15:00"
"-110.32","51.07","ACADIA VALLEY","3020035","2024-12-29 16:00","2024","12","29","16:00"
"-110.32","51.07","ACADIA VALLEY","3020035","2024-12-29 17:00","2024","12","29","17:00"
"-110.32","51.07","ACADIA VALLEY","3020035","2024-12-29 18:00","2024","12","29","18:00"
"-110.32","51.07","ACADIA VALLEY","3020035","2024-12-29 19:00","2024","12","29","19:00"
"-110.32","51.07","ACADIA VALLEY","3020035","2024-12-29 20:00","2024","12","29","20:00"
"-110.32","51.07","ACADIA VALLEY","3020035","2024-12-29 21:00","2024","12","29","21:00"
"-110.32","51.07","ACADIA VALLEY","3020035","2024-12-29 22:00","2024","12","29","22:00"
"-110.32","51.07","ACADIA VALLEY","3020035","2024-12-29 23:00","2024","12","29","23:00"
"-110.32","51.07","ACADIA VALLEY","3020035","2024-12-30 00:00","2024","12","30","00:00"
"-110.32","51.07","ACADIA VALLEY","3020035","2024-12-30 01:00","2024","12","30","01:00"
"-110.32","51.07","ACADIA VALLEY","3020035","2024-12-30 02:00","2024","12","30","02:00"
"-110.32","51.07","ACADIA VALLEY","3020035","2024-12-30 03:00","2024","12","30","03:00"
"-110.32","51.07","ACADIA VALLEY","3020035","2024-12-30 04:00","2024","12","30","04:00"
"-110.32","51.07","ACADIA VALLEY","3020035","2024-12-30 05:00","2024","12","30","05:00"
"-110.32","51.07","ACADIA VALLEY","3020035","2024-12-30 06:00","2024","12","30","06:00"
"-110.32","51.07","ACADIA VALLEY","3020035","2024-12-30 07:00","2024","12","30","07:00"
"-110.32","51.07","ACADIA VALLEY","3020035","2024-12-30 08:00","2024","12","30","08:00"
"-110.32","51.07","ACADIA VALLEY","3020035","2024-12-30 09:00","2024","12","30","09:00"
"-110.32","51.07","ACADIA VALLEY","3020035","2024-12-30 10:00","2024","12","30","10:00"
"-110.32","51.07","ACADIA VALLEY","3020035","2024-12-30 11:00","2024","12","30","11:00"
"-110.32","51.07","ACADIA VALLEY","3020035","2024-12-30 12:00","2024","12","30","12:00"
"-110.32","51.07","ACADIA VALLEY","3020035","2024-12-30 13:00","2024","12","30","13:00"
"-110.32","51.07","ACADIA VALLEY","3020035","2024-12-30 14:00","2024","12","30","14:00"
"-110.32","51.07","ACADIA VALLEY","3020035","2024-12-30 15:00","2024","12","30","15:00"
"-110.32","51.07","ACADIA VALLEY","3020035","2024-12-30 16:00","2024","12","30","16:00"
"-110.32","51.07","ACADIA VALLEY","3020035","2024-12-30 17:00","2024","12","30","17:00"
"-110.32","51.07","ACADIA VALLEY","3020035","2024-12-30 18:00","2024","12","30","18:00"
"-110.32","51.07","ACADIA VALLEY","3020035","2024-12-30 19:00","2024","12","30","19:00"
"-110.32","51.07","ACADIA VALLEY","3020035","2024-12-30 20:00","2024","12","30","20:00"
"-110.32","51.07","ACADIA VALLEY","3020035","2024-12-30 21:00","2024","12","30","21:00"
"-110.32","51.07","ACADIA VALLEY","3020035","2024-12-30 22:00","2024","12","30","22:00"
"-110.32","51.07","ACADIA VALLEY","3020035","2024-12-30 23:00","2024","12","30","23:00"
"-110.32","51.07","ACADIA VALLEY","3020035","2024-12-31 00:00","2024","12","31","00:00"
"-110.32","51.07","ACADIA VALLEY","3020035","2024-12-31 01:00","2024","12","31","01:00"
"-110.32","51.07","ACADIA VALLEY","3020035","2024-12-31 02:00","2024","12","31","02:00"
"-110.32","51.07","ACADIA VALLEY","3020035","2024-12-31 03:00","2024","12","31","03:00"
"-110.32","51.07","ACADIA VALLEY","3020035","2024-12-31 04:00","2024","12","31","04:00"
"-110.32","51.07","ACADIA VALLEY","3020035","2024-12-31 05:00","2024","12","31","05:00"
"-110.32","51.07","ACADIA VALLEY","3020035","2024-12-31 06:00","2024","12","31","06:00"
"-110.32","51.07","ACADIA VALLEY","3020035","2024-12-31 07:00","2024","12","31","07:00"
"-110.32","51.07","ACADIA VALLEY","3020035","2024-12-31 08:00","2024","12","31","08:00"
"-110.32","51.07","ACADIA VALLEY","3020035","2024-12-31 09:00","2024","12","31","09:00"
"-110.32","51.07","ACADIA VALLEY","3020035","2024-12-31 10:00","2024","12","31","10:00"
"-110.32","51.07","ACADIA VALLEY","3020035","2024-12-31 11:00","2024","12","31","11:00"
"-110.32","51.07","ACADIA VALLEY","3020035","2024-12-31 12:00","2024","12","31","12:00"
"-110.32","51.07","ACADIA VALLEY","3020035","2024-12-31 13:00","2024","12","31","13:00"
"-110.32","51.07","ACADIA VALLEY","3020035","2024-12-31 14:00","2024","12","31","14:00"
"-110.32","51.07","ACADIA VALLEY","3020035","2024-12-31 15:00","2024","12","31","15:00"
"-110.32","51.07","ACADIA VALLEY","3020035","2024-12-31 16:00","2024","12","31","16:00"
"-110.32","51.07","ACADIA VALLEY","3020035","2024-12-31 17:00","2024","12","31","17:00"
"-110.32","51.07","ACADIA VALLEY","3020035","2024-12-31 18:00","2024","12","31","18:00"
"-110.32","51.07","ACADIA VALLEY","3020035","2024-12-31 19:00","2024","12","31","19:00"
"-110.32","51.07","ACADIA VALLEY","3020035","2024-12-31 20:00","2024","12","31","20:00"
"-110.32","51.07","ACADIA VALLEY","3020035","2024-12-31 21:00","2024","12","31","21:00"
"-110.32","51.07","ACADIA VALLEY","3020035","2024-12-31 22:00","2024","12","31","22:00"
"-110.32","51.07","ACADIA VALLEY","3020035","2024-12-31 23:00","2024","12","31","23:00"
